Date,price,RSI,100D_MA,MACD,US_10y_yield,US_2y_yield,market_sentiment
2021-06-16,331.3436584472656,60.05858910697393,318.2898941040039,3.0901070742783077,1.569000005722046,0.21,18.149999618530273
2021-06-17,335.5509338378906,65.1330797114694,318.4613323974609,3.4027179093088193,1.5110000371932983,0.23,17.75
2021-06-18,332.917724609375,59.99551888823233,318.6017797851562,3.39880693950181,1.4500000476837158,0.26,20.700000762939453
2021-06-21,334.9867858886719,62.49860318339452,318.85180908203125,3.5220632681780444,1.4839999675750732,0.27,17.889999389648438
2021-06-22,338.10943603515625,65.9602868951235,319.11472381591796,3.827594440300061,1.472000002861023,0.25,16.65999984741211
2021-06-23,338.2746887207031,66.13842505988995,319.444892578125,4.036533955307675,1.4869999885559082,0.26,16.31999969482422
2021-06-24,340.3663024902344,68.39303553501298,319.7197009277344,4.321084999047628,1.4869999885559082,0.26,15.970000267028809
2021-06-25,339.9479675292969,67.42605118685171,319.93928192138674,4.461409267213014,1.5360000133514404,0.28,15.619999885559082
2021-06-28,344.0823059082031,71.68660499266176,320.21282165527344,4.850312433270005,1.4780000448226929,0.25,15.760000228881836
2021-06-29,345.3274841308594,72.83887327482785,320.46135498046874,5.199064886737119,1.4800000190734863,0.27,16.020000457763672
2021-06-30,344.7826843261719,71.4684146821492,320.6935717773438,5.369595572279195,1.4429999589920044,0.25,15.829999923706055
2021-07-01,344.91888427734375,71.61221468782946,320.9056066894531,5.452875215777112,1.4800000190734863,0.25,15.479999542236328
2021-07-02,348.87811279296875,75.48084168287156,321.15791290283204,5.7718176645985295,1.430999994277954,0.24,15.069999694824219
2021-07-06,350.3859558105469,76.77874198549127,321.4326724243164,6.076209423173111,1.3700000047683716,0.22,16.440000534057617
2021-07-07,351.1252746582031,77.41014910182523,321.6970672607422,6.30442544496708,1.3209999799728394,0.22,16.200000762939453
2021-07-08,349.0046081542969,71.41196241900798,321.9221078491211,6.2422118897081305,1.2879999876022339,0.19,19.0
2021-07-09,351.1836242675781,73.66959068128182,322.1777691650391,6.296157405140718,1.3559999465942383,0.23,16.18000030517578
2021-07-12,352.55523681640625,75.00751989108144,322.46277099609375,6.376087714230664,1.3630000352859497,0.23,16.170000076293945
2021-07-13,352.55523681640625,75.00751989108144,322.7619412231445,6.366049207515061,1.4149999618530273,0.26,17.1200008392334
2021-07-14,353.18756103515625,75.66855001109255,323.08150573730467,6.336078529304643,1.3559999465942383,0.23,16.329999923706055
2021-07-15,350.7070007324219,68.06320460125666,323.45952667236327,6.042511751237271,1.2970000505447388,0.23,17.010000228881836
2021-07-16,347.8664855957031,60.55731543259764,323.8184588623047,5.517054956930679,1.2999999523162842,0.25,18.450000762939453
2021-07-19,345.01617431640625,54.1090947874676,324.12317260742185,4.815124603419747,1.180999994277954,0.21,22.5
2021-07-20,349.02410888671875,60.481289723809375,324.57762329101564,4.530027231167821,1.2089999914169312,0.2,19.729999542236328
2021-07-21,351.7186279296875,64.09129237784295,325.04630676269534,4.469983490168261,1.2799999713897705,0.22,17.90999984741211
2021-07-22,354.0435791015625,66.90085547727153,325.4465341186523,4.557466880700872,1.2649999856948853,0.2,17.690000534057617
2021-07-23,358.177978515625,71.21408294731751,325.93847106933595,4.903880693998417,1.2860000133514404,0.22,17.200000762939453
2021-07-26,358.46002197265625,71.48705360931483,326.5228955078125,5.141902040658522,1.2760000228881836,0.22,17.579999923706055
2021-07-27,354.5105285644531,62.543175376749794,327.11692901611326,4.954729524245977,1.2339999675750732,0.2,19.360000610351562
2021-07-28,355.8723449707031,64.20608824932981,327.68013458251954,4.860255163176362,1.2610000371932983,0.2,18.309999465942383
2021-07-29,356.5047607421875,64.98355075992833,328.3344805908203,4.7812983872639165,1.2690000534057617,0.2,17.700000762939453
2021-07-30,354.646728515625,60.80482770429681,328.8554437255859,4.516730839489696,1.2389999628067017,0.19,18.239999771118164
2021-08-02,354.6759948730469,60.847534735034095,329.38533660888675,4.260310494794453,1.1740000247955322,0.17,19.459999084472656
2021-08-03,356.8258361816406,63.95452549256613,329.86724548339845,4.182358129752458,1.1759999990463257,0.17,18.040000915527344
2021-08-04,357.34136962890625,64.67838866659929,330.37934661865233,4.114747313848909,1.184000015258789,0.17,17.969999313354492
2021-08-05,359.60797119140625,67.74530349755867,330.8814114379883,4.195695690262369,1.2170000076293945,0.21,17.280000686645508
2021-08-06,358.0320129394531,63.60970116400251,331.3507330322266,4.085585119601319,1.2899999618530273,0.21,16.149999618530273
2021-08-09,358.69354248046875,64.58696525664459,331.8138607788086,4.005528366718806,1.3170000314712524,0.23,16.719999313354492
2021-08-10,356.85491943359375,59.78164515946423,332.35428619384766,3.750488008251409,1.3420000076293945,0.24,16.790000915527344
2021-08-11,356.24212646484375,58.22673382097173,332.87790924072266,3.459045689913694,1.3289999961853027,0.23,16.170000076293945
2021-08-12,357.52618408203125,60.54264127017726,333.3573852539063,3.2937203137847177,1.3669999837875366,0.23,15.59000015258789
2021-08-13,358.78106689453125,62.71797362137649,333.8629162597656,3.2267612227857967,1.2970000505447388,0.23,15.449999809265137
2021-08-16,358.9367370605469,62.99055555948054,334.4219873046875,3.149946321739094,1.2569999694824219,0.21,16.1200008392334
2021-08-17,355.775146484375,54.306298138309764,334.95468963623046,2.801660227130526,1.2580000162124634,0.23,17.90999984741211
2021-08-18,352.3509521484375,46.783380466979175,335.4077737426758,2.22370365068565,1.2730000019073486,0.23,21.56999969482422
2021-08-19,354.05328369140625,50.45774550948378,335.8787548828125,1.8813458446402365,1.2419999837875366,0.22,21.670000076293945
2021-08-20,357.72064208984375,57.29806604001795,336.4018588256836,1.8842297623473314,1.2599999904632568,0.23,18.559999465942383
2021-08-23,363.07098388671875,64.91002735974624,336.9317297363281,2.2918244308161775,1.2549999952316284,0.23,17.149999618530273
2021-08-24,364.179931640625,66.252795634272,337.41983184814455,2.673510394391826,1.2899999618530273,0.24,17.219999313354492
2021-08-25,364.59820556640625,66.76932099265571,337.8491540527344,2.9754513297980907,1.3420000076293945,0.23,16.790000915527344
2021-08-26,362.2830810546875,61.18704187532964,338.25755950927737,2.9934241662351724,1.3420000076293945,0.25,18.84000015258789
2021-08-27,365.804443359375,65.8621512811765,338.6934063720703,3.2542987471084075,1.312000036239624,0.22,16.389999389648438
2021-08-30,369.9096374511719,70.34649359150589,339.1366851806641,3.749081508709594,1.284999966621399,0.2,16.190000534057617
2021-08-31,369.6081237792969,69.6231011463078,339.5572241210937,4.069954872222354,1.3040000200271606,0.2,16.479999542236328
2021-09-01,370.220947265625,70.29178546740857,339.98816680908203,4.323856334029529,1.3020000457763672,0.2,16.110000610351562
2021-09-02,370.0458984375,69.8190046489243,340.3791732788086,4.459543255606036,1.2940000295639038,0.2,16.40999984741211
2021-09-03,371.18402099609375,71.17643476092913,340.8213018798828,4.605820070568257,1.3220000267028809,0.21,16.40999984741211
2021-09-07,371.709228515625,71.80660499255937,341.219128112793,4.709833330907884,1.3700000047683716,0.22,18.139999389648438
2021-09-08,370.4154968261719,67.87030704744912,341.6001306152344,4.634448219697276,1.3339999914169312,0.22,17.959999084472656
2021-09-09,369.1411437988281,64.14050188486462,341.99880157470704,4.420913794548198,1.2990000247955322,0.23,18.799999237060547
2021-09-10,366.3396301269531,56.756231992176,342.3934573364258,3.9797513874066226,1.340999960899353,0.23,20.950000762939453
2021-09-13,366.08660888671875,56.12773723491441,342.7575994873047,3.568574002107141,1.3240000009536743,0.21,19.3700008392334
2021-09-14,365.0458068847656,53.503136947432516,343.15107421875,3.1227320276898354,1.2769999504089355,0.21,19.459999084472656
2021-09-15,367.7597961425781,58.90011809144118,343.53068481445314,2.954339515277354,1.3040000200271606,0.21,18.18000030517578
2021-09-16,368.0127868652344,59.37350663105247,343.8913522338867,2.808921969009077,1.3309999704360962,0.23,18.690000534057617
2021-09-17,363.65460205078125,48.92025095578377,344.2228179931641,2.315318869566056,1.3700000047683716,0.23,20.809999465942383
2021-09-20,356.1404113769531,36.86796784061972,344.4903158569336,1.3027847764256535,1.309000015258789,0.23,25.709999084472656
2021-09-21,356.57861328125,37.829888010201465,344.750341796875,0.5295985616136818,1.3240000009536743,0.22,24.360000610351562
2021-09-22,359.9092102050781,44.723718229888995,345.0653405761719,0.18347921844400616,1.3359999656677246,0.25,20.8700008392334
2021-09-23,363.2301025390625,50.605088814067464,345.43103881835935,0.17512665179475562,1.409999966621399,0.27,18.6299991607666
2021-09-24,363.5708312988281,51.17905274970506,345.8589291381836,0.1937675145803155,1.4600000381469727,0.29,17.75
2021-09-27,360.6687927246094,46.24969497499197,346.2685845947266,-0.025337650292669878,1.4839999675750732,0.31,18.760000228881836
2021-09-28,350.4627380371094,33.88788725215812,346.55208190917966,-1.0108707015431264,1.534000039100647,0.31,23.25
2021-09-29,349.88812255859375,33.347456640666394,346.8036962890625,-1.8173303587685723,1.5410000085830688,0.3,22.559999465942383
2021-09-30,348.6027526855469,32.11372251666653,347.1244644165039,-2.5309982811253917,1.5290000438690186,0.28,23.139999389648438
2021-10-01,350.7646484375,36.377190616201354,347.4712237548828,-2.8888376100966866,1.4789999723434448,0.27,21.100000381469727
2021-10-04,343.4023132324219,29.567069610940393,347.8261730957031,-3.7235836236833393,1.4809999465942383,0.27,22.959999084472656
2021-10-05,348.0378112792969,37.500608596854455,348.20367248535155,-3.9653695892932888,1.5290000438690186,0.28,21.299999237060547
2021-10-06,350.26800537109375,40.946996337521654,348.5349710083008,-3.931706420105968,1.5240000486373901,0.3,21.0
2021-10-07,353.48175048828125,45.60204646860014,348.9176470947266,-3.604159239227954,1.5709999799728394,0.32,19.540000915527344
2021-10-08,351.71905517578125,43.573185960241744,349.30397369384764,-3.4470747863836095,1.6050000190734863,0.32,18.770000457763672
2021-10-11,349.0214538574219,40.59644489883573,349.65973083496095,-3.499913285632431,1.6139999628067017,0.32,20.0
2021-10-12,347.80413818359375,39.29197014012126,349.9426837158203,-3.5985337215813615,1.5800000429153442,0.35,19.850000381469727
2021-10-13,350.5893859863281,43.74593605317044,350.27117248535154,-3.4126065036983846,1.5490000247955322,0.37,18.639999389648438
2021-10-14,357.0460510253906,52.45437667399446,350.61078674316406,-2.712985329834112,1.5190000534057617,0.36,16.860000610351562
2021-10-15,359.295654296875,55.06448525886811,350.96842803955076,-1.9544763391401716,1.5759999752044678,0.41,16.299999237060547
2021-10-18,362.90869140625,58.96116098783513,351.3509274291992,-1.0497101942401628,1.5839999914169312,0.44,16.309999465942383
2021-10-19,365.6549987792969,61.68121588755758,351.7730364990234,-0.10980666982482035,1.6349999904632568,0.41,15.699999809265137
2021-10-20,365.1778869628906,60.925708174180635,352.18017211914065,0.5897761365402516,1.6360000371932983,0.4,15.489999771118164
2021-10-21,367.407958984375,63.19493035584398,352.6203930664062,1.309058711485477,1.6759999990463257,0.45,15.010000228881836
2021-10-22,364.32080078125,58.15955703451676,353.02342712402344,1.6114121119883862,1.6549999713897705,0.48,15.430000305175781
2021-10-25,368.05078125,62.08995142488528,353.4974771118164,2.127483308043452,1.6349999904632568,0.47,15.239999771118164
2021-10-26,369.20953369140625,63.24506401131903,353.92870239257815,2.600003860870686,1.61899995803833,0.47,15.979999542236328
2021-10-27,370.0666198730469,64.11600607113284,354.35878204345704,3.008954144830625,1.5290000438690186,0.5,16.979999542236328
2021-10-28,374.17626953125,68.02808199270738,354.8284036254883,3.622902013603664,1.5679999589920044,0.5,16.530000686645508
2021-10-29,376.0168762207031,69.62528315341356,355.3156539916992,4.209457692130343,1.5570000410079956,0.48,16.260000228881836
2021-11-01,377.30230712890625,70.72519373918642,355.78165313720706,4.7235803310363735,1.5750000476837158,0.5,16.40999984741211
2021-11-02,378.8799743652344,72.06236235680734,356.2547817993164,5.198406789703597,1.5490000247955322,0.46,16.030000686645508
2021-11-03,382.902099609375,75.1754949021315,356.73635833740235,5.832034014235262,1.5789999961853027,0.47,15.100000381469727
2021-11-04,387.810302734375,78.34644087657611,357.2888790893555,6.653541245543693,1.5240000486373901,0.41,15.4399995803833
2021-11-05,388.1803894042969,78.56873179151569,357.8572463989258,7.250871018721625,1.4529999494552612,0.39,16.479999542236328
2021-11-08,387.6545104980469,77.35355437643724,358.37828216552737,7.594282967935442,1.496999979019165,0.45,17.219999313354492
2021-11-09,384.986083984375,71.32534911360703,358.89896575927736,7.563927445938987,1.4320000410079956,0.41,17.780000686645508
2021-11-10,379.3279724121094,60.55017906648474,359.3423776245117,7.002586698485345,1.559999942779541,0.51,18.729999542236328
2021-11-11,380.3797302246094,61.70819617283337,359.76508056640625,6.5668891668794345,1.559999942779541,0.51,17.65999984741211
2021-11-12,384.3822937011719,65.82014177320048,360.2261566162109,6.4699871711090395,1.5820000171661377,0.53,16.290000915527344
2021-11-15,384.2947082519531,65.65399912169119,360.66544067382813,6.313347883076517,1.6230000257492065,0.53,16.489999771118164
2021-11-16,387.0312805175781,68.34277617666227,361.13627380371094,6.336979870815071,1.6339999437332153,0.54,16.3700008392334
2021-11-17,387.2357177734375,68.54091179418265,361.5678079223633,6.299587051182357,1.6039999723434448,0.52,17.110000610351562
2021-11-18,391.2480163574219,72.21625870275047,362.0270132446289,6.518569919409856,1.5889999866485596,0.52,17.59000015258789
2021-11-19,393.429443359375,73.99510887321985,362.51348083496094,6.7898689653916335,1.5360000133514404,0.52,17.90999984741211
2021-11-22,388.862060546875,64.66044386980329,362.9529125976562,6.560698147823018,1.625,0.63,19.170000076293945
2021-11-23,387.0896301269531,61.42221413495158,363.3350277709961,6.1649921102718395,1.6670000553131104,0.6,19.3799991607666
2021-11-24,388.336181640625,62.83203357123563,363.7145300292969,5.884149698918975,1.6449999809265137,0.64,18.579999923706055
2021-11-26,380.9737854003906,50.98162088376006,364.01301513671876,5.009746973436734,1.4819999933242798,0.5,28.6200008392334
2021-11-29,389.2418212890625,60.0859168202974,364.4153872680664,4.927140897885295,1.5299999713897705,0.51,22.959999084472656
2021-11-30,383.5252990722656,52.78596326728722,364.7388040161133,4.350252418003549,1.4429999589920044,0.52,27.190000534057617
2021-12-01,377.0004577636719,45.92727829959423,364.98325622558593,3.328198576749571,1.434000015258789,0.56,31.1200008392334
2021-12-02,379.71746826171875,48.90449953281793,365.25487854003904,2.7062575320016435,1.4479999542236328,0.63,27.950000762939453
2021-12-03,373.1147155761719,42.74510946017591,365.4541500854492,1.6614259290700488,1.343000054359436,0.6,30.670000076293945
2021-12-06,376.1044921875,46.05805203856946,365.708125,1.0623927398812043,1.434000015258789,0.65,27.18000030517578
2021-12-07,387.4304504394531,56.35976222128253,366.1037646484375,1.4844529480527626,1.4800000190734863,0.7,21.889999389648438
2021-12-08,389.1639099121094,57.691544681893866,366.54524200439454,1.9364917249454834,1.5089999437332153,0.68,19.899999618530273
2021-12-09,383.43768310546875,52.04169195857435,366.88937774658206,1.8117918564548177,1.4869999885559082,0.7,21.579999923706055
2021-12-10,387.6057434082031,55.46083420876567,367.24824890136716,2.0259401676109974,1.4889999628067017,0.67,18.690000534057617
2021-12-13,382.0060729980469,50.275000831628326,367.527873840332,1.7239351915800398,1.4240000247955322,0.66,20.309999465942383
2021-12-14,378.0521545410156,46.93763876494689,367.72661560058594,1.1522633227147594,1.437999963760376,0.67,21.889999389648438
2021-12-15,386.6708679199219,54.09154622054674,368.00872406005857,1.378773742602391,1.4630000591278076,0.69,19.290000915527344
2021-12-16,376.72772216796875,46.330966621098206,368.23089599609375,0.7473412338958951,1.4220000505447388,0.64,20.56999969482422
2021-12-17,374.8482360839844,45.016244368570725,368.42065490722655,0.09418193138463948,1.4019999504089355,0.66,21.56999969482422
2021-12-20,371.2120056152344,42.50330328280246,368.567727355957,-0.7086955302709725,1.4190000295639038,0.65,22.8700008392334
2021-12-21,379.5199279785156,49.44692898339991,368.81645935058594,-0.6669140307334942,1.4869999885559082,0.7,21.010000228881836
2021-12-22,384.1418762207031,52.85783873322592,369.1111181640625,-0.25787665387599645,1.4570000171661377,0.68,18.6299991607666
2021-12-23,387.0379943847656,54.910756335450564,369.4132397460937,0.29656235992763413,1.4930000305175781,0.71,17.959999084472656
2021-12-27,393.4346008300781,59.14278699445044,369.7741720581055,1.2378428722497006,1.4809999465942383,0.76,17.68000030517578
2021-12-28,391.6112060546875,57.4864188561437,370.0942044067383,1.8157508941546325,1.4809999465942383,0.74,17.540000915527344
2021-12-29,391.55267333984375,57.43081528199088,370.4294110107422,2.2431662401136236,1.5429999828338623,0.75,16.950000762939453
2021-12-30,390.382568359375,56.25931410266183,370.7463012695313,2.459130957279285,1.5149999856948853,0.73,17.329999923706055
2021-12-31,387.9448547363281,53.79724453352342,371.0572006225586,2.405848313251113,1.5119999647140503,0.73,17.219999313354492
2022-01-03,391.67950439453125,56.908591492349025,371.4115744018555,2.634606347635554,1.628000020980835,0.78,16.600000381469727
2022-01-04,386.5992126464844,51.79857985775975,371.7023046875,2.378543285299031,1.6679999828338623,0.77,16.90999984741211
2022-01-05,374.7224426269531,42.24773376458968,371.8617184448242,1.20338352509782,1.7050000429153442,0.83,19.729999542236328
2022-01-06,374.45916748046875,42.062586980552325,372.0169427490234,0.24795853291180947,1.7330000400543213,0.88,19.610000610351562
2022-01-07,370.40277099609375,39.211310507874636,372.1632189941406,-0.8270067335989779,1.7710000276565552,0.87,18.760000228881836
2022-01-10,370.6463928222656,39.47666514455394,372.3461734008789,-1.6403571900755196,1.7799999713897705,0.92,19.399999618530273
2022-01-11,376.21435546875,45.34846283455248,372.56778411865236,-1.814736086568928,1.746000051498413,0.9,18.40999984741211
2022-01-12,377.70623779296875,46.836736528263415,372.7676400756836,-1.8116664202192965,1.725000023841858,0.92,17.6200008392334
2022-01-13,368.2574768066406,39.50000606625544,372.8195050048828,-2.5423629549491125,1.7109999656677246,0.91,20.309999465942383
2022-01-14,370.5489807128906,41.877874634203046,372.8831954956055,-2.9030751653648394,1.7719999551773071,0.99,19.190000534057617
2022-01-18,361.3244934082031,35.78119139790614,372.85045837402345,-3.8884575064876685,1.8650000095367432,1.06,22.790000915527344
2022-01-19,357.35589599609375,33.52021862815916,372.8011865234375,-4.932751071507255,1.8270000219345093,1.04,23.850000381469727
2022-01-20,352.71435546875,31.04906973829337,372.67028564453125,-6.064981444327714,1.8329999446868896,1.08,25.59000015258789
2022-01-21,342.93402099609375,26.599291365178928,372.4005294799805,-7.663137546842506,1.746999979019165,1.01,28.850000381469727
2022-01-24,344.50396728515625,28.373797419943926,372.14948791503906,-8.702687067954912,1.7350000143051147,0.99,29.899999618530273
2022-01-25,336.5179138183594,25.055519570082467,371.8124575805664,-10.055037116685412,1.7829999923706055,1.02,31.15999984741211
2022-01-26,335.9913635253906,24.84917191700815,371.4719122314453,-11.041987325053697,1.8480000495910645,1.13,31.959999084472656
2022-01-27,332.60772705078125,23.509296916045486,371.0861492919922,-11.959324018187942,1.8070000410079956,1.18,30.489999771118164
2022-01-28,343.04132080078125,35.12543419654344,370.7994702148437,-11.709437036818088,1.781999945640564,1.15,27.65999984741211
2022-01-31,354.01123046875,44.64400148004522,370.6354275512695,-10.505123251270732,1.781999945640564,1.18,24.829999923706055
2022-02-01,356.41973876953125,46.50001262149651,370.5082135009766,-9.249724343998707,1.7999999523162842,1.18,21.959999084472656
2022-02-02,359.3158264160156,48.726189760974066,370.4379754638672,-7.929712802752647,1.7660000324249268,1.16,22.09000015258789
2022-02-03,344.7477722167969,39.7630484698128,370.22458709716796,-7.967272610514669,1.8270000219345093,1.19,24.350000381469727
2022-02-04,349.0967102050781,43.126418998195135,370.0650961303711,-7.558980852738614,1.9299999475479126,1.31,23.219999313354492
2022-02-07,346.2884216308594,41.51445881035627,369.8503823852539,-7.376974936153886,1.9160000085830688,1.3,22.860000610351562
2022-02-08,350.1791076660156,44.60376058229559,369.6720455932617,-6.839941500855332,1.9539999961853027,1.35,21.440000534057617
2022-02-09,357.599609375,50.02565096448506,369.6114956665039,-5.7492919038123205,1.9290000200271606,1.36,19.959999084472656
2022-02-10,349.5062561035156,44.86762587015218,369.5451541137695,-5.474898983013134,2.0309998989105225,1.61,23.90999984741211
2022-02-11,338.4193115234375,38.94386148503555,369.3635610961914,-6.08195539067799,1.9550000429153442,1.5,27.360000610351562
2022-02-14,338.8385925292969,39.27040649829994,369.1528549194336,-6.454812434498649,1.996000051498413,1.58,28.329999923706055
2022-02-15,347.26348876953125,45.569786605438864,368.9931887817383,-6.001306288020373,2.0450000762939453,1.58,25.700000762939453
2022-02-16,347.17572021484375,45.5168167982651,368.82923767089846,-5.584605729894008,2.046999931335449,1.52,24.290000915527344
2022-02-17,336.84942626953125,39.67370287792469,368.59104400634766,-6.018238647456428,1.972000002861023,1.49,28.110000610351562
2022-02-18,333.00750732421875,37.7329015870433,368.41649169921874,-6.595873485657592,1.9320000410079956,1.47,27.75
2022-02-22,329.662841796875,36.078226617491765,368.21423889160155,-7.240080668929124,1.9479999542236328,1.56,28.809999465942383
2022-02-23,321.218505859375,32.23482868194564,367.94039642333985,-8.335915594780886,1.9769999980926514,1.58,31.020000457763672
2022-02-24,332.012939453125,40.90173220156441,367.7528793334961,-8.238385115023334,1.968999981880188,1.54,30.31999969482422
2022-02-25,337.1614074707031,44.544762905029415,367.6904702758789,-7.657383613924708,1.9859999418258667,1.55,27.59000015258789
2022-02-28,338.1658020019531,45.25377438351328,367.5917501831055,-7.034796736053465,1.8389999866485596,1.44,30.149999618530273
2022-03-01,332.98797607421875,42.25453057528753,367.41894989013673,-6.879892313311984,1.7070000171661377,1.31,33.31999969482422
2022-03-02,338.5753479003906,46.38401704182943,367.2698858642578,-6.234408847101292,1.8650000095367432,1.5,30.739999771118164
2022-03-03,333.73883056640625,43.48514583713493,367.09008361816404,-6.043459835007866,1.843999981880188,1.53,30.479999542236328
2022-03-04,328.9024353027344,40.74301928440288,366.8888934326172,-6.210793879785911,1.7239999771118164,1.5,31.979999542236328
2022-03-07,316.7720642089844,34.813362941295296,366.5785726928711,-7.238782704343805,1.7510000467300415,1.55,36.45000076293945
2022-03-08,315.2996520996094,34.16341647489725,366.2256753540039,-8.07915118012312,1.871999979019165,1.63,35.130001068115234
2022-03-09,326.6498107910156,42.99787421820311,365.92171295166014,-7.740063666617289,1.9479999542236328,1.68,32.45000076293945
2022-03-10,323.0224304199219,41.09973742503665,365.5589807128906,-7.675554633882371,2.010999917984009,1.72,30.229999542236328
2022-03-11,316.323486328125,37.78255199360751,365.0931286621094,-8.071931363320232,2.003999948501587,1.75,30.75
2022-03-14,310.2485656738281,35.0220314954157,364.5390643310547,-8.775104165207551,2.140000104904175,1.87,31.770000457763672
2022-03-15,319.98016357421875,42.29544105597281,364.08708709716797,-8.44971203599738,2.1600000858306885,1.85,29.829999923706055
2022-03-16,331.84710693359375,49.6907920436826,363.73147857666015,-7.151831415657568,2.187999963760376,1.95,26.670000076293945
2022-03-17,335.86456298828125,51.936538182352145,363.4469161987305,-5.732990202588269,2.191999912261963,1.94,25.670000076293945
2022-03-18,342.739013671875,55.589696330691645,363.19379852294924,-4.007640021548241,2.1480000019073486,1.97,23.8700008392334
2022-03-21,341.78607177734375,54.96601778802096,362.9195639038086,-2.6862169821598627,2.315000057220459,2.14,23.530000686645508
2022-03-22,348.5031433105469,58.50036351671453,362.7039291381836,-1.0844671055498338,2.372999906539917,2.18,22.940000534057617
2022-03-23,343.4947204589844,55.03226245893566,362.3971136474609,-0.2167085737942216,2.321000099182129,2.13,23.56999969482422
2022-03-24,351.12945556640625,59.0204705897058,362.14823944091796,1.0746675331453162,2.3410000801086426,2.13,21.670000076293945
2022-03-25,350.8365173339844,58.80496549427646,361.8835815429687,2.0508142247919636,2.492000102996826,2.3,20.809999465942383
2022-03-28,356.26483154296875,61.60283611164834,361.6574301147461,3.225258330647307,2.4769999980926514,2.35,19.6299991607666
2022-03-29,362.39605712890625,64.53288969586812,361.4523696899414,4.597752382481701,2.4000000953674316,2.35,18.899999618530273
2022-03-30,358.39312744140625,61.24683049074459,361.1581979370117,5.301350170158457,2.3580000400543213,2.31,19.329999923706055
2022-03-31,353.950927734375,57.73343934504519,360.8159033203125,5.43782424176419,2.3269999027252197,2.28,20.559999465942383
2022-04-01,353.27734375,57.197643456797195,360.47213165283205,5.429045669576169,2.377000093460083,2.44,19.6299991607666
2022-04-04,360.55078125,61.3669478953841,360.22777862548827,5.940515641000616,2.4119999408721924,2.43,18.56999969482422
2022-04-05,352.54510498046875,55.01482804221489,359.9599499511719,5.6349123476412615,2.555999994277954,2.51,21.030000686645508
2022-04-06,344.8907775878906,49.71606388051482,359.60506042480466,4.720662427252137,2.6089999675750732,2.5,22.100000381469727
2022-04-07,345.7109375,50.26877748338109,359.21834686279294,4.015998893699532,2.6519999504089355,2.47,21.549999237060547
2022-04-08,340.8781433105469,46.99106665156003,358.78418121337893,3.0326236669005198,2.7130000591278076,2.53,21.15999984741211
2022-04-11,332.8138732910156,42.06251824280443,358.2420071411133,1.584309585464041,2.7799999713897705,2.5,24.3700008392334
2022-04-12,331.4080505371094,41.2502848031336,357.68373046875,0.3193903608308233,2.7249999046325684,2.39,24.260000228881836
2022-04-13,338.1445617675781,46.57414039975498,357.15269592285154,-0.137897484651603,2.687000036239624,2.37,21.81999969482422
2022-04-14,330.4122009277344,41.882595791739185,356.5225234985352,-1.1114264621008374,2.828000068664551,2.47,22.700000762939453
2022-04-18,330.6660461425781,42.08883671424972,355.9405633544922,-1.8412472510880775,2.861999988555908,2.46,22.170000076293945
2022-04-19,338.05670166015625,47.88727548671236,355.4502340698242,-1.8024933293642675,2.9130001068115234,2.61,21.3700008392334
2022-04-20,333.1263122558594,44.67373348593112,354.89813537597655,-2.144896752523266,2.8399999141693115,2.6,20.31999969482422
2022-04-21,326.2334899902344,40.57437213827632,354.350732421875,-2.9385730425407246,2.9170000553131104,2.68,22.68000030517578
2022-04-22,317.6908264160156,36.14726254590233,353.63522247314455,-4.208377223916102,2.9059998989105225,2.72,28.209999084472656
2022-04-25,321.7718505859375,39.54108679120404,353.01768798828124,-4.829727549342806,2.8259999752044678,2.63,27.020000457763672
2022-04-26,309.62652587890625,33.78578062729561,352.3439486694336,-6.230358663564573,2.7720000743865967,2.54,33.52000045776367
2022-04-27,309.2555847167969,33.624804978039705,351.6393298339844,-7.286308732783368,2.818000078201294,2.58,31.600000381469727
2022-04-28,320.2390441894531,42.37916813427925,351.1105731201172,-7.154411777996074,2.86299991607666,2.63,29.989999771118164
2022-04-29,305.8287048339844,35.722197316231245,350.407815246582,-8.119084690459374,2.88700008392334,2.7,33.400001525878906
2022-05-02,310.934814453125,39.35719482107302,349.6428588867187,-8.375032390828721,2.996000051498413,2.73,32.34000015258789
2022-05-03,311.2667541503906,39.59633915646757,348.86388732910154,-8.453639731326746,2.9600000381469727,2.78,29.25
2022-05-04,321.7912902832031,46.76454167237641,348.2474234008789,-7.579324768343611,2.9170000553131104,2.66,25.420000076293945
2022-05-05,305.5846862792969,39.07471478257142,347.42721282958985,-8.100780603715748,3.065999984741211,2.71,31.200000762939453
2022-05-06,301.9234619140625,37.57164515330013,346.62638671875,-8.709075516932387,3.122999906539917,2.72,30.190000534057617
2022-05-09,290.1101379394531,33.14178845226775,345.74696655273436,-10.028784549285433,3.0789999961853027,2.61,34.75
2022-05-10,293.6346740722656,35.582128638325756,344.8166046142578,-10.667296896810171,2.993000030517578,2.62,32.9900016784668
2022-05-11,284.9259033203125,32.43212803462025,343.8985864257813,-11.74070797668702,2.9210000038146973,2.66,32.560001373291016
2022-05-12,284.2522888183594,32.1947160904427,342.992626953125,-12.501637951370924,2.816999912261963,2.56,31.770000457763672
2022-05-13,294.7866516113281,39.636591569775014,342.22837341308593,-12.114991321825244,2.934999942779541,2.61,28.8700008392334
2022-05-16,291.3695983886719,38.17305384729787,341.3468701171875,-11.94658591391078,2.877000093460083,2.58,27.469999313354492
2022-05-17,298.91650390625,43.164529233574065,340.49461639404296,-11.076468576804473,2.9679999351501465,2.71,26.100000381469727
2022-05-18,284.2425537109375,36.92275510114793,339.4666619873047,-11.439096677822363,2.885999917984009,2.68,30.959999084472656
2022-05-19,282.71954345703125,36.33546559633284,338.35951141357424,-11.714340632745518,2.8550000190734863,2.63,29.350000381469727
2022-05-20,281.8408203125,35.97987382902623,337.26180755615235,-11.866588419411471,2.7869999408721924,2.6,29.43000030517578
2022-05-23,286.527099609375,39.38669783806944,336.2115518188477,-11.47680485058811,2.8589999675750732,2.65,28.479999542236328
2022-05-24,280.4349365234375,36.65580902516608,335.1120755004883,-11.526613584427025,2.759999990463257,2.5,29.450000762939453
2022-05-25,284.3597106933594,39.56307420989106,334.0762240600586,-11.12119270325951,2.749000072479248,2.48,28.3700008392334
2022-05-26,292.238525390625,45.018462088253195,333.08181427001955,-10.048308587425993,2.75600004196167,2.46,27.5
2022-05-27,301.777099609375,50.80777466717414,332.23359313964846,-8.332307321531687,2.743000030517578,2.47,25.719999313354492
2022-05-31,300.9764404296875,50.328731109779824,331.49613311767575,-6.956777064050755,2.8440001010894775,2.53,26.190000534057617
2022-06-01,298.75048828125,48.946999402584574,330.7390463256836,-5.977371739528792,2.930999994277954,2.66,25.690000534057617
2022-06-02,306.93194580078125,53.951105303734224,330.10433807373045,-4.489261307196784,2.9130001068115234,2.65,24.719999313354492
2022-06-03,298.9457702636719,48.911368154555596,329.3873318481445,-3.9092769793306275,2.9570000171661377,2.66,24.790000915527344
2022-06-06,299.941650390625,49.54431975572935,328.6246047973633,-3.3308797097146225,3.0380001068115234,2.73,25.06999969482422
2022-06-07,302.52880859375,51.23459965958787,327.8728305053711,-2.6333777220486354,2.9719998836517334,2.75,24.020000457763672
2022-06-08,300.3515625,49.72489615158359,327.1937713623047,-2.230575252329743,3.0290000438690186,2.78,23.959999084472656
2022-06-09,292.3067626953125,44.5064234361454,326.4113491821289,-2.5313200225555192,3.0439999103546143,2.83,26.09000015258789
2022-06-10,281.99700927734375,38.87568552433635,325.6180743408203,-3.5605297872990604,3.1559998989105225,3.06,27.75
2022-06-13,268.88519287109375,33.134266508131475,324.7333673095703,-5.372271740376789,3.365999937057495,3.4,34.02000045776367
2022-06-14,269.3733825683594,33.52789907485156,323.8999575805664,-6.691561309070323,3.4830000400543213,3.45,32.689998626708984
2022-06-15,276.10003662109375,38.86801939102239,323.2316177368164,-7.112336444904713,3.3949999809265137,3.2,29.6200008392334
2022-06-16,264.96044921875,33.9971268516273,322.43618255615235,-8.249579361829092,3.306999921798706,3.14,32.95000076293945
2022-06-17,268.18218994140625,36.476581471039914,321.7528253173828,-8.789564388816359,3.239000082015991,3.17,31.1299991607666
2022-06-21,274.9483642578125,41.45108193844549,321.142395324707,-8.57271180763928,3.306999921798706,3.21,30.190000534057617
2022-06-22,274.54736328125,41.24493675707497,320.5617916870117,-8.337107022139264,3.1559998989105225,3.06,28.950000762939453
2022-06-23,278.6361389160156,44.28738629254123,319.91773986816406,-7.731336475488263,3.068000078201294,3.01,29.049999237060547
2022-06-24,288.1831970214844,50.70589376599295,319.2594595336914,-6.407034842485132,3.125,3.04,27.229999542236328
2022-06-27,286.0704040527344,49.350868545507616,318.55596618652345,-5.465003830175135,3.194000005722046,3.08,26.950000762939453
2022-06-28,277.354736328125,44.11376169681097,317.73635528564455,-5.359933039813654,3.2060000896453857,3.1,28.360000610351562
2022-06-29,277.6090087890625,44.2994734030082,317.06496765136717,-5.196246918973486,3.0929999351501465,3.06,28.15999984741211
2022-06-30,274.1658020019531,42.251946639667445,316.31565856933594,-5.283458084592041,2.9719998836517334,2.92,28.709999084472656
2022-07-01,275.9754333496094,43.724139992535186,315.61252868652343,-5.147217516137175,2.8889999389648438,2.84,26.700000762939453
2022-07-05,280.70013427734375,47.48817384434114,314.91773895263674,-4.604919361247767,2.809000015258789,2.82,27.540000915527344
2022-07-06,282.49993896484375,48.89056196635867,314.1667422485352,-3.9839900128444015,2.9130001068115234,2.97,26.729999542236328
2022-07-07,288.545166015625,53.39287170839155,313.55713134765625,-2.9698649749977903,3.007999897003174,3.03,26.079999923706055
2022-07-08,288.9071350097656,53.656122730710784,313.0620095825195,-2.112602931853189,3.1010000705718994,3.12,24.639999389648438
2022-07-11,282.7347412109375,48.61365702549266,312.50097106933595,-1.9092683243745796,2.990999937057495,3.07,26.170000076293945
2022-07-12,279.995849609375,46.52431492845336,311.8282946777344,-1.9466896192168406,2.9579999446868896,3.03,27.290000915527344
2022-07-13,279.4186706542969,46.07491178988341,311.1507241821289,-1.9998665660742176,2.9040000438690186,3.13,26.81999969482422
2022-07-14,280.4164123535156,47.02748642773723,310.5863940429688,-1.9391469835766202,2.9600000381469727,3.15,26.399999618530273
2022-07-15,285.50299072265625,51.710772708844054,310.1113488769531,-1.463709184553636,2.930000066757202,3.13,24.229999542236328
2022-07-18,283.08685302734375,49.473330151846966,309.6455889892578,-1.2672750648932833,2.9600000381469727,3.15,25.299999237060547
2022-07-19,291.792724609375,56.73709539502073,309.3513311767578,-0.40444632568227235,3.0190000534057617,3.23,24.5
2022-07-20,296.4195251464844,60.026144564359754,308.9953970336914,0.6452576732488069,3.0360000133514404,3.25,23.8799991607666
2022-07-21,300.6746826171875,62.8252681836485,308.6305297851562,1.7997647336270006,2.9100000858306885,3.1,23.110000610351562
2022-07-22,295.4022216796875,57.45657943365506,308.2028939819336,2.2631877433691443,2.7829999923706055,2.98,23.030000686645508
2022-07-25,293.7197265625,55.81739227469064,307.8102114868164,2.466261000988368,2.819999933242798,3.0,23.360000610351562
2022-07-26,287.9483947753906,50.495696367565834,307.3039419555664,2.1368673024193754,2.7869999408721924,3.02,24.690000534057617
2022-07-27,300.1170349121094,59.30551149403857,306.96772399902346,2.8251612839349605,2.7339999675750732,2.96,23.239999771118164
2022-07-28,303.0516357421875,61.1032591217934,306.70921600341796,3.5663265916934392,2.680999994277954,2.85,22.329999923706055
2022-07-29,308.578369140625,64.30174393720603,306.62727905273437,4.547248780932932,2.6419999599456787,2.89,21.329999923706055
2022-08-01,308.3925476074219,64.1108575875399,306.5582080078125,5.249133692578084,2.6059999465942383,2.9,22.84000015258789
2022-08-02,307.4729919433594,63.11239125632678,306.36643981933594,5.665869468470817,2.740999937057495,3.06,23.93000030517578
2022-08-03,315.8463439941406,67.99962310809812,306.2946789550781,6.595763251714402,2.747999906539917,3.1,21.950000762939453
2022-08-04,317.3233337402344,68.78523018843613,306.3046774291992,7.366969662756446,2.6760001182556152,3.03,21.440000534057617
2022-08-05,314.731201171875,65.735142561526,306.34950378417966,7.680457333615379,2.8399999141693115,3.24,21.149999618530273
2022-08-08,313.7138977050781,64.52585690580979,306.2868411254883,7.757388339545344,2.765000104904175,3.21,21.290000915527344
2022-08-09,310.1630554199219,60.35244093340696,306.07000061035154,7.446000559739616,2.796999931335449,3.28,21.770000457763672
2022-08-10,318.8199768066406,66.1078227030605,305.89955474853514,7.807761691199971,2.7860000133514404,3.23,19.739999771118164
2022-08-11,317.0103759765625,64.01588180469861,305.642268371582,7.857859814119081,2.888000011444092,3.23,20.200000762939453
2022-08-12,323.1827087402344,67.76303874327894,305.45623474121095,8.299942041837312,2.8489999771118164,3.25,19.530000686645508
2022-08-15,325.7944030761719,69.2234290670009,305.22914733886716,8.760056816371275,2.7909998893737793,3.2,19.950000762939453
2022-08-16,325.03143310546875,68.25070033755046,305.04451446533204,8.959852191162327,2.8239998817443848,3.25,19.690000534057617
2022-08-17,321.32415771484375,63.575898287438896,304.74646148681643,8.718543383086455,2.8929998874664307,3.28,19.899999618530273
2022-08-18,322.09686279296875,64.12741964146218,304.45906494140627,8.491767447001905,2.880000114440918,3.22,19.559999465942383
2022-08-19,315.8169250488281,56.62337377516784,304.05458587646484,7.716358019516974,2.989000082015991,3.25,20.600000381469727
2022-08-22,307.5023498535156,48.52677601525833,303.5056488037109,6.357636851126188,3.0369999408721924,3.32,23.799999237060547
2022-08-23,307.2480163574219,48.29926860062627,302.99419769287107,5.20037130524986,3.053999900817871,3.29,24.110000610351562
2022-08-24,308.1382141113281,49.19705012344459,302.53607055664065,4.305431210584288,3.1059999465942383,3.36,22.81999969482422
2022-08-25,313.5866394042969,54.4146250761819,302.1391635131836,3.989834792714646,3.0260000228881836,3.35,21.780000686645508
2022-08-26,300.7334289550781,43.15474793339167,301.5409899902344,2.6717771099136485,3.0350000858306885,3.37,25.559999465942383
2022-08-29,297.76947021484375,41.04549469869727,300.9932336425781,1.3722220787556125,3.109999895095825,3.42,26.209999084472656
2022-08-30,294.453369140625,38.762761586500055,300.48885955810545,0.07388204467690684,3.109999895095825,3.46,26.209999084472656
2022-08-31,292.7416076660156,37.60029346869912,299.95916625976565,-1.0807286642672693,3.132999897003174,3.45,25.8700008392334
2022-09-01,292.86871337890625,37.7495781158714,299.47907196044923,-1.9628827108246583,3.265000104904175,3.51,25.559999465942383
2022-09-02,288.73101806640625,34.82848561362239,299.03824340820313,-2.9617325703972597,3.193000078201294,3.4,25.469999313354492
2022-09-06,286.65728759765625,33.43219263898419,298.5907357788086,-3.8759811009553005,3.3399999141693115,3.5,26.90999984741211
2022-09-07,292.4481201171875,40.59433873281294,298.1337713623047,-4.086155206233855,3.265000104904175,3.45,24.639999389648438
2022-09-08,293.9642333984375,42.343393200118086,297.76929168701173,-4.0833121471218305,3.2920000553131104,3.48,23.610000610351562
2022-09-09,300.3909606933594,49.174624611525324,297.4665408325195,-3.5218778049505772,3.321000099182129,3.56,22.790000915527344
2022-09-12,303.96136474609375,52.53896045406739,297.1255874633789,-2.757053677333829,3.361999988555908,3.58,23.8700008392334
2022-09-13,287.2931213378906,39.42015650008167,296.66725555419924,-3.456073522421434,3.421999931335449,3.75,27.270000457763672
2022-09-14,289.5721740722656,41.56852530458447,296.3006423950195,-3.782548413438292,3.4119999408721924,3.78,26.15999984741211
2022-09-15,284.7497253417969,38.46044041600416,295.97123138427736,-4.3799243844611055,3.4590001106262207,3.87,26.270000457763672
2022-09-16,283.0086669921875,37.37394575743307,295.58359954833986,-4.9369281687417015,3.447999954223633,3.85,26.299999237060547
2022-09-19,285.21246337890625,39.69615407762024,295.33945892333986,-5.141264434194909,3.490000009536743,3.95,25.760000228881836
2022-09-20,282.9390563964844,38.12559886926137,295.0762936401367,-5.424121444937498,3.571000099182129,3.96,27.15999984741211
2022-09-21,277.8726501464844,34.81936809045189,294.652629699707,-5.988077476773583,3.509999990463257,4.02,27.989999771118164
2022-09-22,274.4527282714844,32.75451784822529,294.338869934082,-6.634497452123583,3.7079999446868896,4.11,27.350000381469727
2022-09-23,269.9841613769531,30.231801277320244,293.92936340332034,-7.421811914971499,3.697000026702881,4.2,29.920000076293945
2022-09-26,268.86700439453125,29.617645691152916,293.5053659057617,-8.043192613350755,3.878000020980835,4.27,32.2599983215332
2022-09-27,268.9748840332031,29.7660244031527,292.9772018432617,-8.429763245026209,3.9639999866485596,4.3,32.599998474121094
2022-09-28,274.3253173828125,36.87406337752129,292.6646081542969,-8.209751099560606,3.7049999237060547,4.07,30.18000030517578
2022-09-29,266.417236328125,31.75813581392528,292.3095458984375,-8.574662567167309,3.746999979019165,4.16,31.84000015258789
2022-09-30,261.8996887207031,29.260646621928814,292.02744140625,-9.123219080930824,3.803999900817871,4.22,31.6200008392334
2022-10-03,268.04388427734375,36.56715341132738,291.77153350830076,-8.95889625863822,3.6510000228881836,4.12,30.100000381469727
2022-10-04,276.471435546875,44.96400682051393,291.6869888305664,-8.055774330684073,3.617000102996826,4.1,29.06999969482422
2022-10-05,276.3244323730469,44.852475004241384,291.60771026611326,-7.268123223439261,3.759000062942505,4.15,28.549999237060547
2022-10-06,274.1489562988281,43.14680619825089,291.4013333129883,-6.741732290937989,3.8259999752044678,4.23,30.520000457763672
2022-10-07,263.7027282714844,36.056271547681135,291.1246646118164,-7.085806220180245,3.882999897003174,4.3,31.360000610351562
2022-10-10,261.0667419433594,34.51490697759705,290.7461669921875,-7.484907994677087,3.888000011444092,4.3,32.45000076293945
2022-10-11,257.4801330566406,32.48034581144732,290.47854278564455,-7.998407723554692,3.938999891281128,4.3,33.630001068115234
2022-10-12,257.3919372558594,32.4297218835741,290.2252667236328,-8.316607942839596,3.9019999504089355,4.28,33.56999969482422
2022-10-13,263.4283752441406,39.392450069533126,290.04114227294923,-7.989594737312871,3.9519999027252197,4.47,31.940000534057617
2022-10-14,255.5104217529297,34.38708273845958,289.7309754943848,-8.27396991476246,4.010000228881836,4.48,32.02000045776367
2022-10-17,263.9477844238281,42.736888255273804,289.5661039733887,-7.7294147562280955,4.014999866485596,4.45,31.3700008392334
2022-10-18,266.0350341796875,44.61462413496924,289.38285720825195,-7.048180224074429,3.997999906539917,4.43,30.5
2022-10-19,265.06488037109375,43.894152175651804,289.11112075805664,-6.511519510120195,4.126999855041504,4.55,30.760000228881836
2022-10-20,263.7125244140625,42.8552398864653,288.7304750061035,-6.124733733536118,4.22599983215332,4.62,29.979999542236328
2022-10-21,269.8959655761719,48.820042013883345,288.4196702575684,-5.258632947114961,4.2129998207092285,4.49,29.690000534057617
2022-10-24,272.865234375,51.4411904964125,288.1608177185059,-4.283271766426992,4.234000205993652,4.5,29.850000381469727
2022-10-25,278.50970458984375,56.049233336194526,287.8765953063965,-3.020016559103567,4.107999801635742,4.42,28.459999084472656
2022-10-26,272.3555908203125,50.43014671291657,287.6106935119629,-2.486797007241819,4.014999866485596,4.39,27.280000686645508
2022-10-27,267.3970947265625,46.394341442165086,287.2852479553223,-2.436242379988414,3.937000036239624,4.3,27.389999389648438
2022-10-28,275.5796203613281,53.068903229952674,287.01575607299804,-1.7161335201933525,4.010000228881836,4.41,25.75
2022-10-31,272.375244140625,50.421218516841336,286.7359928894043,-1.3880083454220085,4.077000141143799,4.51,25.8799991607666
2022-11-01,269.5921936035156,48.17322945711698,286.5088471984863,-1.3371221875736978,4.052000045776367,4.54,25.809999465942383
2022-11-02,260.351318359375,41.549226767606875,286.29239028930664,-2.0191800926374412,4.059000015258789,4.61,25.860000610351562
2022-11-03,255.26539611816406,38.418158248021186,286.1561923217773,-2.936259939577269,4.124000072479248,4.71,25.299999237060547
2022-11-04,259.3713684082031,42.20478493589184,286.0561721801758,-3.2937661903723097,4.156000137329102,4.66,24.549999237060547
2022-11-07,262.2230224609375,44.745930788971286,285.9174020385742,-3.3088455086930253,4.214000225067139,4.72,24.350000381469727
2022-11-08,264.13397216796875,46.445241809466175,285.9091372680664,-3.1305117158342455,4.125999927520752,4.67,25.540000915527344
2022-11-09,258.0386962890625,42.0074796247372,285.80770233154294,-3.441348994209932,4.151000022888184,4.61,26.09000015258789
2022-11-10,277.0789794921875,56.11384305851563,285.8290084838867,-2.126781831500466,3.8289999961853027,4.34,23.530000686645508
2022-11-11,282.1844787597656,58.99414771020379,285.9053796386719,-0.6653371689269534,3.812999963760376,4.34,22.520000457763672
2022-11-14,279.7149963378906,57.04397506831448,285.9161682128906,0.29025577429501936,3.865000009536743,4.4,23.729999542236328
2022-11-15,283.5858154296875,59.31429762876034,285.87019439697264,1.3444152354322796,3.7990000247955322,4.37,24.540000915527344
2022-11-16,279.7149963378906,56.12006648830647,285.8066403198242,1.8462193844371768,3.691999912261963,4.35,24.110000610351562
2022-11-17,279.09765625,55.605747077083876,285.82406951904295,2.1690847433478666,3.7750000953674316,4.43,23.93000030517578
2022-11-18,279.10748291015625,55.612720394084796,285.83905426025393,2.398106912041385,3.818000078201294,4.51,23.1200008392334
2022-11-21,276.2362365722656,52.99342863700433,285.85975860595704,2.321166089481892,3.825000047683716,4.48,22.360000610351562
2022-11-22,280.2148132324219,56.08025038607574,285.90215240478517,2.5518121177513535,3.757999897003174,4.47,21.290000915527344
2022-11-23,283.0272521972656,58.17131405661172,285.92542358398435,2.9277913209386384,3.7060000896453857,4.46,20.350000381469727
2022-11-25,281.1653747558594,56.26158382867124,285.91207794189455,3.040470942686113,3.690999984741211,4.42,20.5
2022-11-28,277.039794921875,52.17426883446266,285.79702423095705,2.764997372481673,3.703000068664551,4.46,22.209999084472656
2022-11-29,274.9427185058594,50.17873185598209,285.65738006591795,2.350372412525644,3.747999906539917,4.48,21.889999389648438
2022-11-30,287.47613525390625,60.020637205126306,285.70479400634764,2.998555647019316,3.703000068664551,4.38,20.579999923706055
2022-12-01,287.8289794921875,60.258652697145294,285.78312530517576,3.500367058898405,3.5290000438690186,4.25,19.84000015258789
2022-12-02,286.68243408203125,59.028874543110376,285.85576293945314,3.7621716131627068,3.50600004196167,4.28,19.059999465942383
2022-12-05,281.87091064453125,54.044245498437334,285.8703079223633,3.5405901593736644,3.5989999771118164,4.41,20.75
2022-12-06,276.0304870605469,48.671575465842785,285.7755828857422,2.860735114413444,3.513000011444092,4.34,22.170000076293945
2022-12-07,274.90350341796875,47.686445316209124,285.6937493896484,2.2055823514108965,3.4079999923706055,4.26,22.68000030517578
2022-12-08,278.15692138671875,50.78341271937089,285.55739135742186,1.9266831032446134,3.490999937057495,4.31,22.290000915527344
2022-12-09,276.3832092285156,49.07759113011678,285.3570281982422,1.544723085898795,3.566999912261963,4.33,22.829999923706055
2022-12-12,279.8521728515625,52.44220130701511,285.14880310058595,1.504589423025891,3.6110000610351562,4.39,25.0
2022-12-13,282.86065673828125,55.20643088709507,285.02338745117186,1.695992368456075,3.500999927520752,4.22,22.549999237060547
2022-12-14,280.7635803222656,52.898376904490874,284.89382598876955,1.6593362455815281,3.503000020980835,4.23,21.139999389648438
2022-12-15,271.3365478515625,43.99414259312876,284.72770751953124,0.859693259961773,3.450000047683716,4.23,22.829999923706055
2022-12-16,268.74945068359375,41.909236937028716,284.4140316772461,0.017017149453465663,3.4820001125335693,4.17,22.6200008392334
2022-12-19,264.9725341796875,39.00320008617396,284.0332406616211,-0.944685588714492,3.5810000896453857,4.25,22.420000076293945
2022-12-20,264.76629638671875,38.84480566956287,283.59511993408205,-1.7038427649094956,3.684000015258789,4.25,21.479999542236328
2022-12-21,268.6070556640625,43.450566730381595,283.19726501464845,-1.9728216612866163,3.684000015258789,4.21,20.06999969482422
2022-12-22,262.0355224609375,38.155627767611676,282.7428903198242,-2.685302685634383,3.6689999103546143,4.24,21.969999313354492
2022-12-23,262.6249084472656,38.87507940135713,282.21067596435546,-3.165896028471707,3.750999927520752,4.31,20.8700008392334
2022-12-27,258.91180419921875,36.03125469091256,281.62656066894533,-3.8025527353426583,3.859999895095825,4.32,21.649999618530273
2022-12-28,255.4934539794922,33.594751085800425,281.0341831970215,-4.530712819674477,3.88700008392334,4.31,22.139999389648438
2022-12-29,261.72119140625,41.373030499515615,280.5142561340332,-4.5527769905102105,3.8350000381469727,4.34,21.440000534057617
2022-12-30,261.56402587890625,41.241741056470076,280.02826583862304,-4.53071765655983,3.878999948501587,4.41,21.670000076293945
2023-01-03,259.7958984375,39.714855749856014,279.43802505493164,-4.6028497958668595,3.7929999828338623,4.4,22.899999618530273
2023-01-04,261.0335693359375,41.3516772446846,278.8782569885254,-4.5081778698547055,3.7090001106262207,4.36,22.010000228881836
2023-01-05,256.94720458984375,37.711049557300605,278.2159019470215,-4.708607276572252,3.7200000286102295,4.45,22.459999084472656
2023-01-06,264.0393981933594,46.51266230922098,277.59835189819336,-4.246220486950051,3.569000005722046,4.24,21.1299991607666
2023-01-09,265.7485656738281,48.404785412896395,277.00552322387693,-3.6992178130268485,3.5169999599456787,4.19,21.969999313354492
2023-01-10,267.99798583984375,50.86816878079515,276.47226150512694,-3.0490572112336167,3.621000051498413,4.24,20.579999923706055
2023-01-11,272.6343688964844,55.57612513603617,275.9776365661621,-2.1350711145840364,3.553999900817871,4.2,21.09000015258789
2023-01-12,274.1078186035156,56.98675280095726,275.560545501709,-1.2771136991029834,3.4489998817443848,4.12,18.829999923706055
2023-01-13,275.99383544921875,58.790550015654105,275.245460357666,-0.43991935228416423,3.510999917984009,4.22,18.350000381469727
2023-01-17,276.5537414550781,59.33574585746327,274.9385176086426,0.2656803370273906,3.5350000858306885,4.18,19.360000610351562
2023-01-18,272.9586181640625,54.362515172173744,274.58672164916993,0.5286824483212058,3.375,4.06,20.34000015258789
2023-01-19,270.2769470214844,50.93325789931385,274.1536247253418,0.514790878008796,3.3970000743865967,4.09,20.520000457763672
2023-01-20,277.6736145019531,58.6763505415746,273.92302658081053,1.0880881546617047,3.4839999675750732,4.14,19.850000381469727
2023-01-23,283.84234619140625,63.80621306927486,273.7837553405762,2.0169453790650778,3.5250000953674316,4.21,19.809999465942383
2023-01-24,283.2627868652344,63.014740421388666,273.67184951782224,2.6754647353666883,3.4690001010894775,4.12,19.200000762939453
2023-01-25,282.63409423828125,62.1146377521438,273.5707743835449,3.110756958975742,3.4619998931884766,4.11,19.079999923706055
2023-01-26,288.1447448730469,66.61594063476629,273.52353469848634,3.8559437151866405,3.493000030517578,4.17,18.729999542236328
2023-01-27,291.01300048828125,68.70045311796113,273.5463545227051,4.62464383006926,3.5179998874664307,4.19,18.510000228881836
2023-01-30,285.129150390625,60.372589726119216,273.53107315063477,4.704832301687702,3.5510001182556152,4.25,19.940000534057617
2023-01-31,289.4020690917969,63.804069548555006,273.50061264038084,5.054901316277835,3.5290000438690186,4.21,19.399999618530273
2023-02-01,295.5904846191406,68.11098532763674,273.5168751525879,5.765228975858463,3.3970000743865967,4.09,17.8700008392334
2023-02-02,306.1991882324219,73.85442825681687,273.5749574279785,7.102331231280459,3.3959999084472656,4.09,18.729999542236328
2023-02-03,300.7573547363281,67.1712610351179,273.54291732788084,7.634873845027755,3.5320000648498535,4.3,18.329999923706055
2023-02-06,298.2132263183594,64.24428768270732,273.65211837768555,7.762150562113959,3.634000062942505,4.44,19.43000030517578
2023-02-07,304.391845703125,67.9023084235245,273.80031509399413,8.266292549930768,3.6740000247955322,4.47,18.65999984741211
2023-02-08,298.97943115234375,61.925685632603766,273.9426121520996,8.135313259412328,3.6530001163482666,4.45,19.6299991607666
2023-02-09,296.3370361328125,59.18671776808688,274.07589584350586,7.729194688252505,3.683000087738037,4.48,20.709999084472656
2023-02-10,294.3921203613281,57.1819556077671,274.1676924133301,7.1677786557067975,3.74399995803833,4.5,20.530000686645508
2023-02-13,299.10711669921875,60.6607585330305,274.3293730163574,7.022363766498984,3.7170000076293945,4.52,20.34000015258789
2023-02-14,301.3172912597656,62.210653539690924,274.5638194274902,7.004718006092048,3.760999917984009,4.6,18.90999984741211
2023-02-15,303.6256408691406,63.81417391168274,274.8555485534668,7.095208983089833,3.809000015258789,4.62,18.229999542236328
2023-02-16,297.9283447265625,57.34628861547353,275.1349903869629,6.63076422739141,3.8429999351501465,4.62,20.170000076293945
2023-02-17,295.8262634277344,55.12620834470671,275.4045829772949,6.023631346782224,3.828000068664551,4.6,20.020000457763672
2023-02-21,288.8225402832031,48.402684419083435,275.6030595397949,4.920610504612625,3.9549999237060547,4.67,22.8700008392334
2023-02-22,289.03863525390625,48.61094631871292,275.75019271850584,4.017583397959072,3.9230000972747803,4.66,22.290000915527344
2023-02-23,291.5631408691406,51.09440876139837,276.001651763916,3.4656841652097796,3.878999948501587,4.66,21.139999389648438
2023-02-24,286.68121337890625,46.422296549629074,276.24946701049805,2.604347995997614,3.9489998817443848,4.78,21.670000076293945
2023-02-27,288.734130859375,48.55272576069382,276.45636947631834,2.0635982835639766,3.921999931335449,4.78,20.950000762939453
2023-02-28,288.3609313964844,48.17768099684956,276.57526443481447,1.5866462920698154,3.9159998893737793,4.81,20.700000762939453
2023-03-01,286.04266357421875,45.81044642524956,276.67244674682615,1.0099514719769331,3.99399995803833,4.89,20.579999923706055
2023-03-02,288.4100036621094,48.58848051891338,276.815057220459,0.7354632698330192,4.072999954223633,4.89,19.59000015258789
2023-03-03,294.3724670410156,54.86457267898386,277.1217546081543,0.9876651670992942,3.9639999866485596,4.86,18.489999771118164
2023-03-06,294.7064514160156,55.19452038346511,277.45815170288085,1.2006464308594786,3.9830000400543213,4.89,18.610000610351562
2023-03-07,291.09161376953125,50.86082589821169,277.7942665100098,1.0654663958425203,3.9749999046325684,5.0,19.59000015258789
2023-03-08,292.54547119140625,52.476984660052885,278.1458018493652,1.0633912750432728,3.9760000705718994,5.05,19.110000610351562
2023-03-09,287.476806640625,46.70912936542729,278.38628616333006,0.6453091361776728,3.924999952316284,4.9,22.610000610351562
2023-03-10,283.4395446777344,42.6847722230662,278.66557739257814,-0.011662828761643595,3.694999933242798,4.6,24.799999237060547
2023-03-13,285.5417175292969,45.326208346635575,278.8815167236328,-0.3585568435750588,3.515000104904175,4.03,26.520000457763672
2023-03-14,292.1034240722656,52.66004152267069,279.1422006225586,-0.10281280795186376,3.638000011444092,4.2,23.729999542236328
2023-03-15,293.63580322265625,54.20495594836906,279.4279098510742,0.22096917848438125,3.492000102996826,3.93,26.139999389648438
2023-03-16,301.3762512207031,61.10908989523026,279.80454711914064,1.0895979918785201,3.5850000381469727,4.14,22.989999771118164
2023-03-17,299.9518737792969,59.336309534181105,280.10510620117185,1.644105009988209,3.3949999809265137,3.81,25.510000228881836
2023-03-20,301.01641845703125,60.26411201274585,280.38661804199216,2.1447325339676127,3.4809999465942383,3.92,24.149999618530273
2023-03-21,305.3155822753906,63.85124040585895,280.65467681884763,2.855473918219843,3.6059999465942383,4.17,21.3799991607666
2023-03-22,301.1639709472656,58.3712434029134,280.9427606201172,3.0485988977325746,3.5,3.96,22.260000228881836
2023-03-23,304.7352294921875,61.437218491251194,281.31614196777343,3.450052496116882,3.4059998989105225,3.76,22.610000610351562
2023-03-24,305.8567199707031,62.374387129831774,281.61891296386716,3.814728458993386,3.380000114440918,3.76,21.739999771118164
2023-03-27,303.7611999511719,59.46633954732022,281.93277252197265,3.8898065655694154,3.5280001163482666,3.94,20.600000381469727
2023-03-28,302.1477355957031,57.25301145335504,282.25832794189455,3.7755907567176337,3.563999891281128,4.02,19.969999313354492
2023-03-29,307.6570739746094,62.39931190911991,282.73138549804685,4.082570141755355,3.565999984741211,4.08,19.1200008392334
2023-03-30,310.56915283203125,64.81081170603858,283.28442306518554,4.508858627015059,3.5510001182556152,4.1,19.020000457763672
2023-03-31,315.7341613769531,68.65111978543126,283.84805099487306,5.203485801363172,3.49399995803833,4.06,18.700000762939453
2023-04-03,314.9667663574219,67.47292000479254,284.3754884338379,5.62719369080304,3.430000066757202,3.97,18.549999237060547
2023-04-04,313.9043273925781,65.78948068222236,284.873191986084,5.810278032162387,3.3369998931884766,3.84,19.0
2023-04-05,310.8052978515625,61.0080127222343,285.40085800170897,5.640290153520652,3.2869999408721924,3.79,19.079999923706055
2023-04-06,312.90081787109375,62.967912086288784,285.759076385498,5.609995946416063,3.2880001068115234,3.82,18.399999618530273
2023-04-10,312.7236633300781,62.681071913870426,286.06446823120115,5.508197604855184,3.4149999618530273,4.0,18.969999313354492
2023-04-11,310.71673583984375,59.38093621243237,286.3744856262207,5.205572806920145,3.434000015258789,4.03,19.100000381469727
2023-04-12,307.9719543457031,55.1075945529721,286.61834701538083,4.6901939109208115,3.4210000038146973,3.95,19.09000015258789
2023-04-13,314.002685546875,61.639651963176874,286.9612239074707,4.714041493796344,3.4519999027252197,3.96,17.799999237060547
2023-04-14,313.4123840332031,60.70851126760636,287.3043711853027,4.631914647450969,3.5220000743865967,4.08,17.06999969482422
2023-04-17,313.6780090332031,60.99405045458788,287.6500764465332,4.5359743587479215,3.5910000801086426,4.18,16.950000762939453
2023-04-18,313.69769287109375,61.01665895760692,288.02469100952146,4.410685671091471,3.572000026702881,4.19,16.829999923706055
2023-04-19,313.5500793457031,60.73236853604762,288.3580436706543,4.250485356274339,3.6019999980926514,4.24,16.459999084472656
2023-04-20,311.15948486328125,56.16813117236266,288.6393659973144,3.885831015796782,3.5450000762939453,4.14,17.170000076293945
2023-04-21,311.4840393066406,56.644516488907286,288.94255264282225,3.5817405791003125,3.569999933242798,4.17,16.770000457763672
2023-04-24,310.83477783203125,55.34855695929225,289.28050247192385,3.2508825913595842,3.515000104904175,4.12,16.889999389648438
2023-04-25,304.9713134765625,45.274458917381985,289.58078842163087,2.4868755288317743,3.3959999084472656,3.86,18.760000228881836
2023-04-26,306.82086181640625,48.461085802647524,289.77423568725584,2.007496352778105,3.431999921798706,3.9,18.84000015258789
2023-04-27,315.1635437011719,59.82487296499343,290.0475813293457,2.274550010748385,3.5280001163482666,4.07,17.030000686645508
2023-04-28,317.3377990722656,62.1661759418529,290.35413497924804,2.6313041597211395,3.4519999027252197,4.04,15.779999732971191
2023-05-01,316.9737243652344,61.51966046039996,290.7051631164551,2.851783027332999,3.5739998817443848,4.14,16.079999923706055
2023-05-02,314.20928955078125,56.698036636723046,291.0869511413574,2.7714992144533426,3.438999891281128,3.97,17.780000686645508
2023-05-03,312.1530456542969,53.34871892988933,291.4594465637207,2.5129839024838816,3.4030001163482666,3.89,18.34000015258789
2023-05-04,311.0513000488281,51.590200496853114,291.7883903503418,2.193916884379462,3.3510000705718994,3.75,20.09000015258789
2023-05-05,317.6625061035156,60.091291305963885,292.2011833190918,2.4463233573567322,3.446000099182129,3.92,17.190000534057617
2023-05-08,318.449462890625,60.969900820004,292.58715621948244,2.678976567266659,3.5209999084472656,4.0,16.979999542236328
2023-05-09,316.43280029296875,57.47773457458127,292.9228776550293,2.6698517060751215,3.5209999084472656,4.01,17.709999084472656
2023-05-10,319.87603759765625,61.52934261110967,293.3140022277832,2.9069511387796183,3.438999891281128,3.9,16.940000534057617
2023-05-11,320.91888427734375,62.68888712107541,293.809825592041,3.142775202796372,3.3970000743865967,3.89,16.93000030517578
2023-05-12,319.76776123046875,60.520454331454175,294.32000869750976,3.1998950645653395,3.4630000591278076,3.98,17.030000686645508
2023-05-15,321.4992980957031,62.61526322648305,294.8852763366699,3.3463093493367637,3.507999897003174,3.99,17.1200008392334
2023-05-16,321.86328125,63.05898961625438,295.45624618530275,3.4519225095507977,3.5490000247955322,4.06,17.989999771118164
2023-05-17,325.7591552734375,67.50477761243872,296.0277671813965,3.8061116881174257,3.5810000896453857,4.12,16.8700008392334
2023-05-18,331.8096008300781,72.94956961753789,296.7255079650879,4.5228924657222365,3.6480000019073486,4.24,16.049999237060547
2023-05-19,331.06195068359375,71.35844961682119,297.40987838745116,4.973288305827282,3.691999912261963,4.28,16.809999465942383
2023-05-22,332.17364501953125,72.32503222885715,298.1424967956543,5.358169058567512,3.7190001010894775,4.29,17.209999084472656
2023-05-23,327.9629211425781,63.57366766323719,298.8671914672852,5.262753851201751,3.697999954223633,4.26,18.530000686645508
2023-05-24,326.2806396484375,60.427730720269125,299.51278594970705,4.993824850442991,3.7190001010894775,4.31,20.030000686645508
2023-05-25,334.219970703125,68.38019695741295,300.2393453979492,5.359552756200287,3.813999891281128,4.5,19.139999389648438
2023-05-26,342.7593994140625,74.35075643443015,301.06898040771483,6.266222177752184,3.809999942779541,4.54,17.950000762939453
2023-05-30,344.3138427734375,75.26629331321332,301.90178314208987,7.029166953473748,3.700000047683716,4.46,17.459999084472656
2023-05-31,342.3560485839844,71.7905676907288,302.75587158203126,7.390633928416321,3.63700008392334,4.4,17.940000534057617
2023-06-01,346.3110046386719,74.36584107684259,303.5785876464844,7.905105871227704,3.6080000400543213,4.33,15.649999618530273
2023-06-02,348.908203125,75.92046468054329,304.4101840209961,8.425279427938221,3.690999984741211,4.5,14.600000381469727
2023-06-05,349.1542053222656,76.06850992238708,305.2217462158203,8.756432339354433,3.693000078201294,4.46,14.729999542236328
2023-06-06,349.0951843261719,75.94786358399742,305.98635437011717,8.911385995740204,3.6989998817443848,4.51,13.960000038146973
2023-06-07,343.172607421875,64.83540136299604,306.6770022583008,8.458777899451945,3.7839999198913574,4.56,13.9399995803833
2023-06-08,347.4324951171875,68.41509926106721,307.39138885498045,8.347594188317089,3.7139999866485596,4.52,13.649999618530273
2023-06-09,348.7607116699219,69.4590469079568,308.1134585571289,8.271309761425925,3.744999885559082,4.59,13.829999923706055
2023-06-12,354.6536865234375,73.62440092965488,308.93040924072267,8.587377680108716,3.765000104904175,4.55,15.010000228881836
2023-06-13,357.3788757324219,75.30196273847605,309.80142852783206,8.954541397399055,3.8389999866485596,4.67,14.609999656677246
2023-06-14,359.9760437011719,76.81539818084624,310.6244528198242,9.347340713040808,3.7960000038146973,4.74,13.880000114440918
2023-06-15,364.2655029296875,79.09395815255064,311.42868438720706,9.890746147079938,3.7279999256134033,4.62,14.5
2023-06-16,361.9732360839844,74.85989484713234,312.21578887939455,10.020917195777258,3.7690000534057617,4.7,13.539999961853027
2023-06-20,361.455078125,73.89690442646118,313.0039987182617,9.96737003554108,3.7290000915527344,4.68,13.880000114440918
2023-06-21,356.5292663574219,65.29747802199546,313.68784393310546,9.418886620443345,3.7230000495910645,4.68,13.199999809265137
2023-06-22,360.7358703613281,68.65242520655198,314.38507263183595,9.217394957981014,3.7990000247955322,4.77,12.90999984741211
2023-06-23,357.15972900390625,63.0700909584848,315.1053784179687,8.66921334824633,3.739000082015991,4.71,13.4399995803833
2023-06-26,352.3719177246094,56.45181471816262,315.7350769042969,7.758998214655662,3.7190001010894775,4.65,14.25
2023-06-27,358.4306335449219,61.90025005303912,316.3634783935547,7.440761429392637,3.7679998874664307,4.74,13.739999771118164
2023-06-28,359.1300964355469,62.48381498594209,316.8927874755859,7.162433222192078,3.7100000381469727,4.71,13.430000305175781
2023-06-29,358.4109191894531,61.441769398730315,317.46932312011717,6.805376376723245,3.8540000915527344,4.87,13.539999961853027
2023-06-30,363.9376525878906,66.11809045242217,318.1265673828125,6.888955855770064,3.819000005722046,4.87,13.59000015258789
2023-07-03,364.79473876953125,66.79073731136575,318.73059631347655,6.944303281413227,3.8580000400543213,4.94,13.569999694824219
2023-07-05,364.784912109375,66.77436932850777,319.3886511230469,6.907745396632151,3.944999933242798,4.94,14.180000305175781
2023-07-06,362.0067443847656,62.13804590995626,320.0453482055664,6.578762216602513,4.040999889373779,4.99,15.4399995803833
2023-07-07,360.80487060546875,60.19098098854198,320.7094757080078,6.150164241688401,4.050000190734863,4.94,14.829999923706055
2023-07-10,360.9230041503906,60.322583835012814,321.3276345825195,5.7537045242800104,4.00600004196167,4.85,15.069999694824219
2023-07-11,362.70623779296875,62.34613002314197,321.94152404785154,5.51977091062696,3.9800000190734863,4.88,14.84000015258789
2023-07-12,367.28717041015625,67.00187647551425,322.57813934326174,5.639016739356748,3.8610000610351562,4.72,13.539999961853027
2023-07-13,373.5232849121094,72.06554003763387,323.3340887451172,6.1656484829406395,3.760999917984009,4.59,13.609999656677246
2023-07-14,373.4444885253906,71.91537312825297,324.11027099609373,6.501702148825757,3.819000005722046,4.74,13.34000015258789
2023-07-17,376.9319152832031,74.45269288860352,324.9913647460937,6.969097871737006,3.796999931335449,4.74,13.479999542236328
2023-07-18,380.01544189453125,76.4763569238745,325.9011328125,7.501850513990121,3.7890000343322754,4.74,13.300000190734863
2023-07-19,379.92681884765625,76.28931427017005,326.78476959228516,7.8266884890646224,3.742000102996826,4.74,13.760000228881836
2023-07-20,371.1686706542969,60.53296190661777,327.62964416503905,7.293342448537999,3.8540000915527344,4.8,13.989999771118164
2023-07-21,370.05548095703125,58.86871372159813,328.44285766601564,6.703562270582438,3.8369998931884766,4.82,13.600000381469727
2023-07-24,370.6465759277344,59.505357509530405,329.2657141113281,6.212242786706611,3.8570001125335693,4.81,13.90999984741211
2023-07-25,373.15875244140625,62.184360705070375,330.136875,5.956912624798122,3.9119999408721924,4.85,13.859999656677246
2023-07-26,371.91741943359375,60.06963759982355,330.97194915771485,5.589958866271672,3.8510000705718994,4.82,13.1899995803833
2023-07-27,371.0308532714844,58.53847513938671,331.73853302001953,5.168033021260499,4.01200008392334,4.91,14.40999984741211
2023-07-28,377.78900146484375,65.71305254816241,332.5693585205078,5.317680912858634,3.9690001010894775,4.87,13.329999923706055
2023-07-31,377.9860534667969,65.89834780395385,333.4383029174805,5.390045307709784,3.9590001106262207,4.88,13.630000114440918
2023-08-01,377.1092834472656,64.23494900040076,334.28394104003905,5.315374272970018,4.051000118255615,4.92,13.930000305175781
2023-08-02,368.83392333984375,51.1192311435696,335.09751220703123,4.536154573103602,4.078000068664551,4.88,16.09000015258789
2023-08-03,368.2427978515625,50.32870917858231,335.9455447387695,3.8268054294353533,4.189000129699707,4.9,15.920000076293945
2023-08-04,366.518798828125,47.99745385384077,336.7553155517578,3.089910247433181,4.059999942779541,4.78,17.100000381469727
2023-08-07,369.6220397949219,52.28213239918949,337.5305017089844,2.7249100509374102,4.078000068664551,4.76,15.770000457763672
2023-08-08,366.4794006347656,47.97150320698914,338.25893768310544,2.1571932682466013,4.026000022888184,4.74,15.989999771118164
2023-08-09,362.4500427246094,43.068388980804,338.8696755981445,1.3663872574280163,4.01200008392334,4.79,15.960000038146973
2023-08-10,363.1199645996094,44.09153877134604,339.50135650634763,0.784679595021089,4.079999923706055,4.82,15.850000381469727
2023-08-11,360.80487060546875,41.32744092453389,340.099241027832,0.13530364807542128,4.168000221252441,4.89,14.84000015258789
2023-08-14,364.8538513183594,47.523617798654264,340.6946237182617,-0.05201299021922523,4.184000015258789,4.96,14.819999694824219
2023-08-15,360.9821472167969,42.86233225538005,341.29280548095704,-0.5070321879796325,4.2210001945495605,4.92,16.459999084472656
2023-08-16,357.15972900390625,38.814597658888786,341.8170504760742,-1.1626728164500264,4.257999897003174,4.97,16.780000686645508
2023-08-17,353.258544921875,35.16465899990314,342.29106872558594,-1.9743071066507127,4.308000087738037,4.94,17.889999389648438
2023-08-18,352.8151550292969,34.76452923546236,342.7816082763672,-2.6230738256558084,4.250999927520752,4.92,17.299999237060547
2023-08-21,358.49957275390625,43.621634539886536,343.3451266479492,-2.648016435726163,4.3420000076293945,4.97,17.1299991607666
2023-08-22,357.9873352050781,43.054357470496676,343.8484292602539,-2.678243795822027,4.328000068664551,5.02,16.969999313354492
2023-08-23,363.63226318359375,50.66801841357344,344.37906036376955,-2.2210972586272533,4.197999954223633,4.95,15.979999542236328
2023-08-24,355.859375,42.284554605990884,344.7803125,-2.4576818238054443,4.235000133514404,4.98,17.200000762939453
2023-08-25,358.61785888671875,45.71716720543296,345.21682342529294,-2.3949823346335393,4.238999843597412,5.03,15.680000305175781
2023-08-28,361.317138671875,48.91869210222635,345.6909515380859,-2.1032383949036557,4.211999893188477,4.98,15.079999923706055
2023-08-29,369.208251953125,56.91820011930074,346.27498107910156,-1.2212050362702485,4.122000217437744,4.87,14.449999809265137
2023-08-30,371.26727294921875,58.73413152538118,346.8586456298828,-0.3519840059001922,4.118000030517578,4.9,13.880000114440918
2023-08-31,372.38043212890625,59.722567535608796,347.4552133178711,0.42183985850613226,4.0929999351501465,4.85,13.569999694824219
2023-09-01,371.98638916015625,59.18216249259212,348.0679098510742,0.9918711979725572,4.172999858856201,4.87,13.09000015258789
2023-09-05,372.45928955078125,59.65399969918542,348.712783203125,1.4648978204764944,4.26800012588501,4.94,14.010000228881836
2023-09-06,369.1786804199219,54.911824796795585,349.2645431518555,1.5571077186036177,4.289999961853027,5.01,14.449999809265137
2023-09-07,366.5384826660156,51.37238614172513,349.7958041381836,1.4009930576382885,4.260000228881836,4.94,14.399999618530273
2023-09-08,367.0507507324219,52.01861566820279,350.3295315551758,1.3035799575338842,4.257999897003174,4.98,13.84000015258789
2023-09-11,371.3756408691406,57.191112771052865,350.90631103515625,1.5574090215488923,4.288000106811523,4.97,13.800000190734863
2023-09-12,367.2576599121094,51.498448579169676,351.4433868408203,1.4100297899850034,4.263999938964844,4.98,14.229999542236328
2023-09-13,368.6565246582031,53.2025115504247,352.0183572387695,1.3900833656277314,4.249000072479248,4.96,13.479999542236328
2023-09-14,371.6711730957031,56.730728057267164,352.62022857666017,1.5990991949418003,4.288000106811523,5.0,12.819999694824219
2023-09-15,365.3070068359375,48.42966563518207,353.1649508666992,1.2369519043667765,4.322000026702881,5.02,13.789999961853027
2023-09-18,365.6878662109375,48.911443421825936,353.772116394043,0.9695038985958035,4.318999767303467,5.05,14.0
2023-09-19,364.908447265625,47.9247156303723,354.35299224853514,0.6867405149772026,4.364999771118164,5.08,14.109999656677246
2023-09-20,359.64996337890625,41.798136173341234,354.7978564453125,0.03789595263208412,4.348999977111816,5.12,15.140000343322754
2023-09-21,353.05950927734375,35.64741495547685,355.15507354736326,-0.9966241422374651,4.480000019073486,5.12,17.540000915527344
2023-09-22,353.10888671875,35.7237313263434,355.51642517089846,-1.7918491028095218,4.438000202178955,5.1,17.200000762939453
2023-09-25,354.78607177734375,38.39610373608373,355.92219299316406,-2.2606761287509585,4.541999816894531,5.09,16.899999618530273
2023-09-26,349.45849609375,33.61514844945246,356.2952474975586,-3.027219851712573,4.558000087738037,5.04,18.940000534057617
2023-09-27,350.27740478515625,34.955832434065655,356.68750854492185,-3.527964014243082,4.625999927520752,5.1,18.219999313354492
2023-09-28,353.20758056640625,39.652196716163665,357.04295928955077,-3.6463340050235047,4.5970001220703125,5.04,17.34000015258789
2023-09-29,353.46405029296875,40.06013670737915,357.3931051635742,-3.6770612389287862,4.572999954223633,5.03,17.520000457763672
2023-10-02,356.4139404296875,44.69122707860276,357.7929165649414,-3.4239125794989036,4.683000087738037,5.12,17.610000610351562
2023-10-03,350.15899658203125,37.98888865079318,358.09574615478516,-3.6855276680264524,4.802000045776367,5.15,19.780000686645508
2023-10-04,354.9241943359375,44.78281079968053,358.4357992553711,-3.468366703820209,4.735000133514404,5.05,18.579999923706055
2023-10-05,353.87841796875,43.6524876364393,358.7769058227539,-3.342124556553074,4.7170000076293945,5.03,18.489999771118164
2023-10-06,359.80780029296875,51.176890336260776,359.15999084472656,-2.732130842015181,4.783999919891357,5.08,17.450000762939453
2023-10-09,361.6428527832031,53.25723550045396,359.5577865600586,-2.076694190754381,4.796999931335449,5.08,17.700000762939453
2023-10-10,363.6455993652344,55.48651121774147,359.93665100097655,-1.3797461561201771,4.65500020980835,4.96,17.030000686645508
2023-10-11,366.2403259277344,58.263749262626526,360.2809582519531,-0.6109939113940186,4.59499979019165,4.99,16.09000015258789
2023-10-12,364.9676208496094,56.404837866459594,360.6200149536133,-0.10325858159978907,4.711999893188477,5.06,16.690000534057617
2023-10-13,360.3800048828125,50.18883331028763,360.9020785522461,-0.07024717718525153,4.629000186920166,5.04,19.31999969482422
2023-10-16,364.45465087890625,54.93874725417918,361.2669958496094,0.2814599818271972,4.711999893188477,5.09,17.209999084472656
2023-10-17,363.2608642578125,53.33407873522394,361.6367980957031,0.4585756610593421,4.8470001220703125,5.19,17.8799991607666
2023-10-18,358.49566650390625,47.38455390803969,361.87955505371093,0.21198583779789715,4.9039998054504395,5.19,19.219999313354492
2023-10-19,355.1412353515625,43.68984188313688,362.0033734130859,-0.2512170596770602,4.98799991607666,5.14,21.399999618530273
2023-10-20,349.8432312011719,38.57400566269171,362.0586672973633,-1.0338952499273546,4.923999786376953,5.07,21.709999084472656
2023-10-23,350.89892578125,40.07964589736947,362.14409606933594,-1.5511074239357185,4.8379998207092285,5.05,20.3700008392334
2023-10-24,354.3124694824219,44.79184976339004,362.22411071777344,-1.666348718875156,4.840000152587891,5.02,18.969999313354492
2023-10-25,345.6404724121094,36.86106869707275,362.19143341064455,-2.429430995802761,4.953000068664551,5.08,20.190000534057617
2023-10-26,339.0500183105469,32.195608377700296,362.0903915405273,-3.525335887585186,4.84499979019165,5.02,20.68000030517578
2023-10-27,340.67791748046875,34.404121459070055,362.0062188720703,-4.213915160895738,4.84499979019165,4.99,21.270000457763672
2023-10-30,344.5157165527344,39.41428396523351,362.0196499633789,-4.399229307600592,4.875,5.03,19.75
2023-10-31,346.163330078125,41.4807662595836,362.0069583129883,-4.36285122897516,4.875,5.07,18.139999389648438
2023-11-01,352.171630859375,48.39345818008892,362.0410675048828,-3.8053361337817933,4.789000034332275,4.95,16.8700008392334
2023-11-02,358.5647277832031,54.54612990520234,362.08017791748046,-2.8151802660311205,4.669000148773193,4.98,15.65999984741211
2023-11-03,362.7774353027344,58.09175763817523,362.1341635131836,-1.6712788550839832,4.558000087738037,4.83,14.90999984741211
2023-11-06,364.2572937011719,59.293011456652025,362.1769760131836,-0.6379625058331158,4.6620001792907715,4.93,14.890000343322754
2023-11-07,367.7005310058594,62.020811266150325,362.2113262939453,0.45356025940498057,4.571000099182129,4.91,14.8100004196167
2023-11-08,367.9372863769531,62.2083353750546,362.270966796875,1.3224596035459513,4.5229997634887695,4.93,14.449999809265137
2023-11-09,365.1058044433594,58.48884765036138,362.3074740600586,1.7622772305657577,4.630000114440918,5.03,15.289999961853027
2023-11-10,373.31414794921875,65.01861820417615,362.4753228759766,2.7415773920251922,4.627999782562256,5.04,14.170000076293945
2023-11-13,372.14996337890625,63.49312309061376,362.58946380615237,3.384722881667642,4.631999969482422,5.02,14.760000228881836
2023-11-14,380.1610412597656,68.90043262761769,362.8194769287109,4.4890998012945715,4.440999984741211,4.8,14.15999984741211
2023-11-15,380.44720458984375,69.07663066543634,363.1002297973633,5.326022385153294,4.534999847412109,4.9,14.180000305175781
2023-11-16,380.77276611328125,69.28980409945686,363.3236511230469,5.947006270272368,4.445000171661377,4.83,14.319999694824219
2023-11-17,380.86151123046875,69.35182626890632,363.5409652709961,6.372839337531332,4.440999984741211,4.88,13.800000190734863
2023-11-20,385.49847412109375,72.47932591994527,363.8118408203125,7.003744457427558,4.421999931335449,4.89,13.40999984741211
2023-11-21,383.25897216796875,68.82632518323521,364.00505401611326,7.239578860431209,4.418000221252441,4.86,13.350000381469727
2023-11-22,384.82763671875,69.96810325109647,364.2053829956055,7.466982714579785,4.415999889373779,4.89,12.850000381469727
2023-11-24,384.2850036621094,69.02628084570328,364.4003839111328,7.516767339783769,4.4720001220703125,4.92,12.460000038146973
2023-11-27,383.9495544433594,68.41320518359666,364.61981201171875,7.443351739917546,4.388999938964844,4.84,12.6899995803833
2023-11-28,384.95587158203125,69.2942777653078,364.8613220214844,7.381283885102562,4.335999965667725,4.73,12.6899995803833
2023-11-29,384.5809631347656,68.52736633896563,365.0979016113281,7.2186308020883985,4.270999908447266,4.64,12.979999542236328
2023-11-30,383.6141052246094,66.4838135041691,365.30698028564456,6.931804185217629,4.3520002365112305,4.73,12.920000076293945
2023-12-01,384.709228515625,67.66018477035018,365.4812008666992,6.715447819884616,4.22599983215332,4.56,12.630000114440918
2023-12-04,381.1378173828125,60.23510692672359,365.5573461914062,6.184509633375001,4.288000106811523,4.64,13.079999923706055
2023-12-05,382.0947570800781,61.45566322268053,365.64384887695314,5.774390749328802,4.171000003814697,4.57,12.850000381469727
2023-12-06,379.8847961425781,57.0969749921991,365.6733776855469,5.210974332348712,4.120999813079834,4.6,12.970000267028809
2023-12-07,385.1926574707031,63.747442811896796,365.7251498413086,5.133586028042714,4.129000186920166,4.58,13.0600004196167
2023-12-08,386.9093017578125,65.60444344108438,365.79497467041017,5.151392045828288,4.244999885559082,4.71,12.350000381469727
2023-12-11,390.21435546875,68.90678456634332,365.98543151855466,5.370288315383789,4.238999843597412,4.71,12.630000114440918
2023-12-12,393.3221130371094,71.6619220584137,366.2180978393555,5.728500659487111,4.205999851226807,4.73,12.069999694824219
2023-12-13,398.3241271972656,75.43485766498567,366.4948733520508,6.342890370241662,4.0329999923706055,4.46,12.1899995803833
2023-12-14,397.9788513183594,74.6955760777918,366.7430743408203,6.724422804336143,3.930000066757202,4.37,12.479999542236328
2023-12-15,399.90264892578125,76.10096340445571,367.0229266357422,7.100177964354543,3.927999973297119,4.44,12.279999732971191
2023-12-18,402.4214782714844,77.83660449104264,367.3368328857422,7.514591579247167,3.9539999961853027,4.43,12.5600004196167
2023-12-19,404.4776916503906,79.16672558830885,367.60371978759764,7.9176666572752765,3.921999931335449,4.41,12.529999732971191
2023-12-20,398.4672546386719,66.58710428800184,367.8085317993164,7.663771339612936,3.877000093460083,4.34,13.670000076293945
2023-12-21,403.10357666015625,70.48333287330867,368.0684747314453,7.747363131310806,3.8940000534057617,4.33,13.649999618530273
2023-12-22,403.70660400390625,70.95769444497773,368.4172015380859,7.7726709826403635,3.9010000228881836,4.31,13.029999732971191
2023-12-26,406.1780090332031,72.88124470432662,368.79655364990236,7.90107074333946,3.885999917984009,4.26,12.989999771118164
2023-12-27,407.0048522949219,73.51331304154397,369.2014141845703,7.977587160852295,3.7890000343322754,4.2,12.430000305175781
2023-12-28,406.8070373535156,73.07449880200019,369.57326416015627,7.930843137528257,3.8499999046325684,4.26,12.470000267028809
2023-12-29,405.0464782714844,69.11997249779633,369.95893493652346,7.663396888921113,3.865999937057495,4.23,12.449999809265137
2024-01-02,398.1922302246094,56.33737468304919,370.31635681152346,6.819749449504741,3.946000099182129,4.33,13.199999809265137
2024-01-03,393.9787292480469,50.19238237919998,370.6249444580078,5.744934432464049,3.9070000648498535,4.33,14.039999961853027
2024-01-04,391.951171875,47.50705298692803,370.9364074707031,4.675631088129705,3.990999937057495,4.38,14.130000114440918
2024-01-05,392.41595458984375,48.1913171671382,371.21202850341797,3.8216509512953962,4.041999816894531,4.4,13.350000381469727
2024-01-08,400.52642822265625,58.38542543567579,371.60747131347654,3.756015966349935,4.001999855041504,4.36,13.079999923706055
2024-01-09,401.31768798828125,59.22830021336491,372.04905090332034,3.7249093814841103,4.019000053405762,4.36,12.760000228881836
2024-01-10,404.03765869140625,62.07214389210231,372.5568420410156,3.875066735681969,4.03000020980835,4.37,12.6899995803833
2024-01-11,404.8783874511719,62.932767830682856,373.07747436523437,4.015617763417367,3.9769999980926514,4.26,12.4399995803833
2024-01-12,405.0860900878906,63.15520230235783,373.54333953857423,4.0965429355019864,3.950000047683716,4.14,12.699999809265137
2024-01-16,405.0464782714844,63.07746068579477,374.0139309692383,4.110101681148365,4.065999984741211,4.22,13.84000015258789
2024-01-17,402.7617492675781,58.59707889023101,374.4052258300781,3.891628280062264,4.105999946594238,4.34,14.789999961853027
2024-01-18,408.47857666015625,65.24856429109343,374.93141784667966,4.132153831553069,4.144000053405762,4.34,14.130000114440918
2024-01-19,416.57916259765625,72.09058557615607,375.5110308837891,4.919710291905687,4.145999908447266,4.39,13.300000190734863
2024-01-22,417.12310791015625,72.48236912708842,376.0690905761719,5.524068281020618,4.093999862670898,4.37,13.1899995803833
2024-01-23,418.85406494140625,73.74540734015221,376.5655487060547,6.072697827338345,4.142000198364258,4.31,12.550000190734863
2024-01-24,421.1783447265625,75.37954389486791,377.0646594238281,6.61874388976679,4.177999973297119,4.34,13.140000343322754
2024-01-25,421.6926574707031,75.73938308835824,377.5577816772461,7.01215827280015,4.131999969482422,4.28,13.449999809265137
2024-01-26,419.18035888671875,70.33192079227567,378.0297213745117,7.040066996137455,4.159999847412109,4.34,13.260000228881836
2024-01-29,423.47296142578125,73.7769229308954,378.5398580932617,7.324133953479247,4.091000080108643,4.29,13.600000381469727
2024-01-30,420.65411376953125,68.178292543202,379.0546124267578,7.238362281342688,4.059000015258789,4.36,13.3100004196167
2024-01-31,412.4151306152344,55.032978384344425,379.51337890625,6.431432972843481,3.9670000076293945,4.27,14.350000381469727
2024-02-01,417.2715148925781,59.936396942112104,380.01558654785157,6.113334591182422,3.86299991607666,4.2,13.880000114440918
2024-02-02,424.3236083984375,65.77303698031507,380.54506622314454,6.3570047474289595,4.0329999923706055,4.36,13.850000381469727
2024-02-05,423.7697448730469,64.97244451307043,381.1101870727539,6.431287070127382,4.164000034332275,4.46,13.670000076293945
2024-02-06,422.9190673828125,63.69016461386792,381.6528125,6.348334137748452,4.090000152587891,4.39,13.0600004196167
2024-02-07,427.2710266113281,67.25103204928593,382.20881103515626,6.558161674623761,4.110000133514404,4.41,12.829999923706055
2024-02-08,428.06231689453125,67.86805907143633,382.8363641357422,6.710942454885583,4.170000076293945,4.46,12.789999961853027
2024-02-09,432.2757873535156,71.00117048398724,383.50224334716796,7.090281821278836,4.186999797821045,4.48,12.930000305175781
2024-02-12,430.58447265625,68.12944525133379,384.15900360107423,7.171764405180795,4.171999931335449,4.46,13.930000305175781
2024-02-13,423.8686218261719,58.08348720495016,384.8011901855469,6.618137139397675,4.315999984741211,4.64,15.850000381469727
2024-02-14,428.4876403808594,62.210715785135775,385.555471496582,6.477431933936998,4.267000198364258,4.56,14.380000114440918
2024-02-15,429.7635192871094,63.28606313281641,386.32201782226565,6.395155438602444,4.239999771118164,4.56,14.010000228881836
2024-02-16,425.8665466308594,57.869401833990125,387.03282257080076,5.946944919097007,4.295000076293945,4.64,14.239999771118164
2024-02-20,422.652099609375,53.780453199586496,387.764758605957,5.271588254874928,4.275000095367432,4.59,15.420000076293945
2024-02-21,420.9607849121094,51.7101163578143,388.4715924072266,4.547467892470365,4.324999809265137,4.64,15.34000015258789
2024-02-22,433.28466796875,62.91332215371352,389.27236328125,4.911415910575158,4.327000141143799,4.69,14.539999961853027
2024-02-23,432.00872802734375,61.326950745673074,390.05781005859376,5.038805434726612,4.260000228881836,4.67,13.75
2024-02-26,431.7812805175781,61.031522445490175,390.81148345947264,5.063045796918345,4.298999786376953,4.69,13.739999771118164
2024-02-27,432.8197937011719,61.933223013307014,391.6380914306641,5.107183362604019,4.315000057220459,4.7,13.430000305175781
2024-02-28,430.5152587890625,58.68793182553687,392.3940020751953,4.899725013812258,4.27400016784668,4.64,13.84000015258789
2024-02-29,434.2044982910156,62.11075296542763,393.197262878418,4.975647407207418,4.251999855041504,4.64,13.399999618530273
2024-03-01,440.7422180175781,67.28377765278844,394.00660705566406,5.499955728855809,4.179999828338623,4.54,13.109999656677246
2024-03-04,439.16961669921875,64.98539998541338,394.78187469482424,5.722611365960745,4.218999862670898,4.61,13.489999771118164
2024-03-05,431.28668212890625,54.86770090560771,395.4582855224609,5.203003635964308,4.13700008392334,4.54,14.460000038146973
2024-03-06,433.9967956542969,57.32749280837595,396.13585021972654,4.952801466215192,4.104000091552734,4.55,14.5
2024-03-07,440.583984375,62.65517858659509,396.89201385498046,5.225805687394143,4.0920000076293945,4.5,14.4399995803833
2024-03-08,434.2242736816406,55.45632316628662,397.6304565429688,4.872817193549679,4.089000225067139,4.48,14.739999771118164
2024-03-11,432.6120910644531,53.769746732035166,398.31203094482424,4.4121214161631315,4.104000091552734,4.51,15.220000267028809
2024-03-12,438.8135681152344,58.942407801151326,399.06755798339844,4.495601567091683,4.15500020980835,4.58,13.84000015258789
2024-03-13,435.44085693359375,55.317327468435444,399.83700988769533,4.2407261316245695,4.191999912261963,4.61,13.75
2024-03-14,434.34295654296875,54.14983162426686,400.6290270996094,3.9051282392671283,4.297999858856201,4.68,14.399999618530273
2024-03-15,429.1800231933594,48.9209664494661,401.4223950195312,3.1858346006790157,4.303999900817871,4.72,14.40999984741211
2024-03-18,433.27325439453125,52.81143198488501,402.2461383056641,2.912505212127371,4.340000152587891,4.73,14.329999923706055
2024-03-19,434.3527526855469,53.81060690237365,403.0465411376953,2.751281136481282,4.296999931335449,4.68,13.819999694824219
2024-03-20,439.5027160644531,58.34236011471037,403.98516357421875,3.004435635799723,4.2729997634887695,4.59,13.039999961853027
2024-03-21,441.58251953125,60.04716408214682,405.01048858642577,3.3344477208131025,4.270999908447266,4.62,12.920000076293945
2024-03-22,442.087646484375,60.47028683289156,406.02458587646487,3.5952998210493092,4.2179999351501465,4.59,13.0600004196167
2024-03-25,440.4832458496094,58.356294354433324,406.9842611694336,3.6307126714975198,4.252999782562256,4.54,13.1899995803833
2024-03-26,439.0570983886719,56.46660937471662,407.91319885253904,3.5033153902468825,4.234000205993652,4.56,13.239999771118164
2024-03-27,440.5525817871094,58.00238639476003,408.7970083618164,3.4828767043532594,4.196000099182129,4.54,12.779999732971191
2024-03-28,439.7404479980469,56.82988566842362,409.6087655639648,3.362386984889099,4.205999851226807,4.59,13.010000228881836
2024-04-01,440.6714172363281,57.88097116059815,410.3877053833008,3.3039337594750577,4.328999996185303,4.72,13.649999618530273
2024-04-02,436.8683776855469,52.28107998160869,411.1138162231445,2.917109031701216,4.364999771118164,4.7,14.609999656677246
2024-04-03,437.84881591796875,53.52931659512553,411.81529907226565,2.659009414160437,4.355000019073486,4.68,14.329999923706055
2024-04-04,431.1538391113281,44.89350186797984,412.44746459960936,1.8924202886154262,4.309000015258789,4.65,16.350000381469727
2024-04-05,436.2344970703125,51.3127273292897,413.1587515258789,1.6755448816987268,4.377999782562256,4.73,16.030000686645508
2024-04-08,436.3632507324219,51.467018510290465,413.78924255371095,1.4968046711863963,4.423999786376953,4.78,15.1899995803833
2024-04-09,437.9775695800781,53.45851833022276,414.44751861572263,1.468486013518941,4.366000175476074,4.74,14.979999542236328
2024-04-10,434.1546630859375,48.39415080987382,414.9874548339844,1.1246029458592943,4.559999942779541,4.97,15.800000190734863
2024-04-11,441.0873107910156,56.4511782956971,415.5938558959961,1.395394627774806,4.576000213623047,4.93,14.90999984741211
2024-04-12,434.05560302734375,48.226676244624606,416.1266842651367,1.0307174671846155,4.499000072479248,4.88,17.309999465942383
2024-04-15,426.9149475097656,41.598734624698906,416.5872186279297,0.16363073350021295,4.627999782562256,4.93,19.229999542236328
2024-04-16,426.9545593261719,41.64664488528669,417.0017794799805,-0.5144155452400696,4.658999919891357,4.97,18.399999618530273
2024-04-17,421.74517822265625,37.31157669000918,417.38664154052736,-1.4553492642459105,4.585000038146973,4.93,18.209999084472656
2024-04-18,419.3385009765625,35.47441427292547,417.7317501831055,-2.367948519403342,4.646999835968018,4.98,18.0
2024-04-19,410.66278076171875,29.781629368925067,417.9955279541016,-3.7480430125837074,4.614999771118164,4.97,18.709999084472656
2024-04-22,414.79266357421875,35.119188377018176,418.3039590454102,-4.4571515448465675,4.623000144958496,4.97,16.940000534057617
2024-04-23,420.9825439453125,42.209678591231864,418.66422576904296,-4.468147527189217,4.5980000495910645,4.86,15.6899995803833
2024-04-24,422.4087219238281,43.73538678841177,419.0425033569336,-4.3120743694599355,4.6519999504089355,4.89,15.970000267028809
2024-04-25,420.3685607910156,42.02611531650074,419.41004791259763,-4.303402277908276,4.705999851226807,4.96,15.369999885559082
2024-04-26,426.8555603027344,48.86882236025022,419.8315112304688,-3.7300848402545057,4.669000148773193,4.96,15.029999732971191
2024-04-29,428.5887451171875,50.54825600874751,420.3060205078125,-3.1001366649824718,4.613999843597412,4.97,14.670000076293945
2024-04-30,420.5071716308594,43.391482436729895,420.6901446533203,-3.215942256884034,4.685999870300293,5.04,15.649999618530273
2024-05-01,417.4667053222656,41.03740910762,421.0659637451172,-3.5125685400350903,4.59499979019165,4.96,15.390000343322754
2024-05-02,422.7949523925781,46.513704447623226,421.4419866943359,-3.2798934281765355,4.571000099182129,4.87,14.680000305175781
2024-05-03,431.29248046875,53.871863190828094,421.8858184814453,-2.382354922174784,4.5,4.81,13.489999771118164
2024-05-06,436.0166320800781,57.38208629880613,422.3438412475586,-1.2751504949486616,4.488999843597412,4.82,13.489999771118164
2024-05-07,436.0859069824219,57.43323989635425,422.7714791870117,-0.38762480625177886,4.4629998207092285,4.82,13.229999542236328
2024-05-08,435.82843017578125,57.158632203344,423.1465222167969,0.2916079944055241,4.492000102996826,4.84,13.0
2024-05-09,436.7791748046875,57.957993773592435,423.53452545166016,0.8962901534155208,4.448999881744385,4.8,12.6899995803833
2024-05-10,437.8092041015625,58.85373131271523,423.913591003418,1.4419974281351529,4.504000186920166,4.87,12.550000190734863
2024-05-13,438.8193664550781,59.75923425269114,424.2775698852539,1.9336955954678956,4.480999946594238,4.85,13.600000381469727
2024-05-14,441.6419677734375,62.2585494980943,424.6492126464844,2.522057562843088,4.445000171661377,4.81,13.420000076293945
2024-05-15,448.54498291015625,67.5643548293819,425.1499899291992,3.5049513936264134,4.355999946594238,4.73,12.449999809265137
2024-05-16,447.63385009765625,66.24066882148398,425.59529266357424,4.162399482346871,4.376999855041504,4.78,12.420000076293945
2024-05-17,447.4159240722656,65.90807203699731,426.03238586425783,4.612674974534343,4.420000076293945,4.83,11.989999771118164
2024-05-20,450.5356750488281,68.35747366518157,426.47596252441406,5.161757845751367,4.436999797821045,4.82,12.149999618530273
2024-05-21,451.4170837402344,69.03438263012367,426.9200848388672,5.603439331680306,4.414000034332275,4.82,11.859999656677246
2024-05-22,451.3279113769531,68.8738545041079,427.36529357910155,5.8785157565574195,4.434000015258789,4.86,12.289999961853027
2024-05-23,449.29766845703125,65.15883245501215,427.80780548095703,5.865083141335674,4.474999904632568,4.91,12.770000457763672
2024-05-24,453.5464172363281,68.93519258639863,428.36134735107424,6.1266519848370535,4.4670000076293945,4.93,11.930000305175781
2024-05-28,455.259765625,70.33169825343349,428.9741577148437,6.398442807932042,4.541999816894531,4.94,12.920000076293945
2024-05-29,452.0509338378906,64.48490107305007,429.57515533447264,6.282492423545534,4.624000072479248,4.96,14.279999732971191
2024-05-30,447.20794677734375,56.808910605860575,430.12307525634765,5.73371759991079,4.553999900817871,4.92,14.470000267028809
2024-05-31,446.3760070800781,55.58486895098225,430.5815710449219,5.172058744005881,4.513999938964844,4.89,12.920000076293945
2024-06-03,448.77276611328125,58.367943314966446,431.0561218261719,4.864266244233249,4.4019999504089355,4.82,13.109999656677246
2024-06-04,450.00079345703125,59.7592667374528,431.5157531738281,4.665647336001371,4.335999965667725,4.77,13.15999984741211
2024-06-05,459.0727233886719,68.21111757435949,432.0576965332031,5.1805511792439916,4.289000034332275,4.72,12.630000114440918
2024-06-06,458.9142761230469,67.94270767237764,432.5959783935547,5.51228858305376,4.281000137329102,4.72,12.579999923706055
2024-06-07,458.5082092285156,67.21275852269694,433.130595703125,5.676985901197895,4.429999828338623,4.87,12.220000267028809
2024-06-10,460.3602294921875,68.85619981339701,433.7065805053711,5.88906677375536,4.468999862670898,4.87,12.739999771118164
2024-06-11,463.51959228515625,71.48224999580825,434.2569906616211,6.24014407022662,4.4039998054504395,4.81,12.850000381469727
2024-06-12,469.5906066894531,75.7190963058546,434.78710510253904,6.928389322559951,4.295000076293945,4.75,12.039999961853027
2024-06-13,472.1358947753906,77.24545292046446,435.3372329711914,7.591699731413712,4.23799991607666,4.68,11.9399995803833
2024-06-14,474.5821228027344,78.63549719570692,435.8945135498047,8.220012974361737,4.2129998207092285,4.67,12.65999984741211
2024-06-17,480.39569091796875,81.5241501769939,436.48668701171874,9.082366242566366,4.2789998054504395,4.75,12.75
2024-06-18,480.54425048828125,81.59264166500546,437.07520294189453,9.666347301696703,4.2170000076293945,4.69,12.300000190734863
2024-06-20,476.8402099609375,74.20624830913309,437.65180145263673,9.718245499099623,4.254000186920166,4.7,13.279999732971191
2024-06-21,475.5626525878906,71.79218865715222,438.1726983642578,9.546243834837867,4.256999969482422,4.7,13.199999809265137
2024-06-24,470.14849853515625,62.51108843256001,438.6676422119141,8.870797263647262,4.248000144958496,4.71,13.329999923706055
2024-06-25,475.52496337890625,67.06450468261247,439.2987405395508,8.669401307786814,4.23799991607666,4.65,12.84000015258789
2024-06-26,476.5069885253906,67.83302477791995,439.8910952758789,8.491154045703581,4.315999984741211,4.71,12.550000190734863
2024-06-27,477.73699951171875,68.81457770662828,440.4252291870117,8.352856878642285,4.288000106811523,4.7,12.239999771118164
2024-06-28,475.257080078125,64.53859195337367,440.9401025390625,7.951486814263262,4.3429999351501465,4.71,12.4399995803833
2024-07-01,478.04449462890625,67.01923990867482,441.4913568115234,7.768765710162313,4.479000091552734,4.77,12.220000267028809
2024-07-02,483.0638732910156,70.95887243484373,442.0492852783203,7.937481482443388,4.435999870300293,4.74,12.029999732971191
2024-07-03,487.0911865234375,73.67592650425725,442.6395739746094,8.300477727330417,4.355000019073486,4.71,12.09000015258789
2024-07-05,492.16998291015625,76.64362830834934,443.23851593017577,8.895430306426476,4.271999835968018,4.6,12.479999542236328
2024-07-08,493.34051513671875,77.27939007684046,443.86607635498046,9.353564609473437,4.269000053405762,4.62,12.369999885559082
2024-07-09,493.7670593261719,77.51952747688884,444.5650607299805,9.639934729714753,4.300000190734863,4.62,12.510000228881836
2024-07-10,498.9153137207031,80.2348454003698,445.2693374633789,10.165128938245743,4.28000020980835,4.62,12.850000381469727
2024-07-11,487.9740295410156,62.858067242656894,445.851442565918,9.587954962638264,4.192999839782715,4.5,12.920000076293945
2024-07-12,490.8407897949219,64.99710272993556,446.5011849975586,9.255176113540813,4.189000129699707,4.45,12.460000038146973
2024-07-15,492.1601257324219,65.96847043536704,447.1962652587891,8.994226023210388,4.229000091552734,4.44,13.119999885559082
2024-07-16,492.34857177734375,66.11312346218386,447.9101431274414,8.702312377410124,4.166999816894531,4.43,13.1899995803833
2024-07-17,477.89569091796875,48.933770102189825,448.3562533569336,7.221497089184425,4.145999908447266,4.42,14.479999542236328
2024-07-18,475.6340637207031,46.880877869464484,448.79250671386717,5.7986032027393435,4.189000129699707,4.46,15.930000305175781
2024-07-19,471.4181823730469,43.239311039926406,449.1888757324219,4.281409728899632,4.238999843597412,4.49,16.520000457763672
2024-07-22,478.4412841796875,50.18166882812524,449.64509063720703,3.604181826803938,4.260000228881836,4.5,14.90999984741211
2024-07-23,476.7550048828125,48.64327555162816,450.10748809814453,2.8979988618580137,4.238999843597412,4.4,14.720000267028809
2024-07-24,459.65362548828125,36.44188299785973,450.3619793701172,0.9474833807912546,4.285999774932861,4.37,18.040000915527344
2024-07-25,454.5846862792969,33.74037004820583,450.5004040527344,-0.9958556182631355,4.25600004196167,4.41,18.459999084472656
2024-07-26,459.24688720703125,38.272900218089546,450.7011767578125,-2.135152416811138,4.199999809265137,4.36,16.389999389648438
2024-07-29,460.1694030761719,39.15975033496045,450.99000396728513,-2.9298406378866844,4.177999973297119,4.36,16.600000381469727
2024-07-30,453.8506164550781,35.40732546269774,451.188542175293,-4.023133867615627,4.14300012588501,4.35,17.690000534057617
2024-07-31,467.2817687988281,47.026933412451605,451.45552001953126,-3.7624240017466946,4.109000205993652,4.29,16.360000610351562
2024-08-01,455.9635314941406,40.42712578314022,451.67291259765625,-4.418166837673425,3.9760000705718994,4.16,18.59000015258789
2024-08-02,445.1412658691406,35.322538834634685,451.79820434570314,-5.744890626930328,3.7920000553131104,3.88,23.389999389648438
2024-08-05,431.8688659667969,30.273922304998038,451.72875732421875,-7.777644691897706,3.7850000858306885,3.89,38.56999969482422
2024-08-06,435.99542236328125,33.458389581778505,451.73430297851564,-8.952440161974266,3.888000011444092,3.99,27.709999084472656
2024-08-07,431.273681640625,31.67573464857925,451.7036102294922,-10.147504930799187,3.9679999351501465,4.0,27.850000381469727
2024-08-08,444.4667663574219,41.11607966961858,451.8564776611328,-9.915728348557991,3.996999979019165,4.04,23.790000915527344
2024-08-09,446.7879333496094,42.61829120214751,451.9916244506836,-9.435972937470183,3.941999912261963,4.05,20.3700008392334
2024-08-12,447.7500915527344,43.26441346949972,452.12559783935546,-8.875810374830507,3.9089999198913574,4.01,20.709999084472656
2024-08-13,458.86004638671875,50.23283794036637,452.3191711425781,-7.449523532731348,3.8519999980926514,3.93,18.1200008392334
2024-08-14,459.0087890625,50.32081339193388,452.4934338378906,-6.235301963984739,3.819999933242798,3.94,16.190000534057617
2024-08-15,470.6048278808594,56.7410799009179,452.77860565185546,-4.287891063200391,3.9260001182556152,4.08,15.229999542236328
2024-08-16,471.2099304199219,57.052980070992945,453.08587249755857,-2.665006638521618,3.8919999599456787,4.06,14.800000190734863
2024-08-19,477.39971923828125,60.21315403491715,453.4692987060547,-0.869373218992223,3.867000102996826,4.06,14.649999618530273
2024-08-20,476.3978576660156,59.45063441863105,453.82775146484374,0.4674488870565483,3.818000078201294,3.99,15.880000114440918
2024-08-21,478.619873046875,60.64112601596372,454.216545715332,1.68674436933361,3.7780001163482666,3.92,16.270000457763672
2024-08-22,471.0313720703125,54.731337387753776,454.52014526367185,2.017460189291171,3.861999988555908,3.99,17.549999237060547
2024-08-23,476.13995361328125,57.71866209809891,454.91286102294924,2.6610992004999616,3.806999921798706,3.9,15.859999656677246
2024-08-26,471.5174560546875,54.23130918212411,455.2495474243164,2.766302618277166,3.818000078201294,3.91,16.149999618530273
2024-08-27,472.9259948730469,55.121121579005084,455.6672689819336,2.9295642032619753,3.8329999446868896,3.83,15.430000305175781
2024-08-28,467.5595397949219,51.04900150609867,455.9805194091797,2.595997071838269,3.8410000801086426,3.83,17.110000610351562
2024-08-29,466.87506103515625,50.536184825923506,456.285637512207,2.250468995763356,3.867000102996826,3.87,15.649999618530273
2024-08-30,472.4399108886719,54.53499080349997,456.630260925293,2.3980293917598487,3.9110000133514404,3.91,15.0
2024-09-03,458.09625244140625,44.539967983834636,456.86967681884767,1.3420879524680345,3.8440001010894775,3.88,20.719999313354492
2024-09-04,456.9058837890625,43.822159559152006,457.0278625488281,0.4045307733205732,3.7679998874664307,3.76,21.31999969482422
2024-09-05,457.3324279785156,44.16937447733154,457.26063079833983,-0.30060629236078285,3.7309999465942383,3.75,19.899999618530273
2024-09-06,445.0817565917969,37.080744252334235,457.44229888916016,-1.8268999297426944,3.7100000381469727,3.66,22.3799991607666
2024-09-09,450.8053283691406,41.78176366433067,457.68080657958984,-2.545313436282356,3.697000026702881,3.68,19.450000762939453
2024-09-10,454.9715881347656,45.002921335320536,458.01307067871096,-2.7468153938771707,3.6459999084472656,3.59,19.079999923706055
2024-09-11,464.85150146484375,51.81193079553875,458.46820068359375,-2.0852433241360586,3.6530001163482666,3.62,17.690000534057617
2024-09-12,469.4145202636719,54.6071481949544,459.05571807861327,-1.1791526721630703,3.680000066757202,3.64,17.06999969482422
2024-09-13,471.5174560546875,55.87741642966856,459.62296600341796,-0.28805938974238643,3.6500000953674316,3.57,16.559999465942383
2024-09-16,469.434326171875,54.25768050929569,460.1074838256836,0.24719774275308737,3.621000051498413,3.56,17.139999389648438
2024-09-17,469.6823425292969,54.427061079826586,460.5802200317383,0.683526456351558,3.6419999599456787,3.59,17.610000610351562
2024-09-18,467.64874267578125,52.70377648909174,461.05302185058594,0.8553654720658983,3.684999942779541,3.61,18.229999542236328
2024-09-19,479.472900390625,60.52919389187596,461.57919525146485,1.9234870773331636,3.740000009536743,3.59,16.329999923706055
2024-09-20,478.56036376953125,59.70812564537335,462.07891143798827,2.6656194640811464,3.7279999256134033,3.55,16.149999618530273
2024-09-23,479.8288879394531,60.5100512213838,462.67212860107423,3.3178775987169615,3.739000082015991,3.57,15.890000343322754
2024-09-24,482.14337158203125,61.99627041497822,463.3188952636719,3.975726654620587,3.7360000610351562,3.49,15.390000343322754
2024-09-25,482.5903625488281,62.29143592191088,463.9168493652344,4.481485431900694,3.7809998989105225,3.53,15.40999984741211
2024-09-26,486.2160949707031,64.6872474136304,464.4660855102539,5.115896343117015,3.7909998893737793,3.6,15.369999885559082
2024-09-27,483.5141906738281,61.5489631085556,464.9410610961914,5.339104590694035,3.749000072479248,3.55,16.959999084472656
2024-09-30,484.825439453125,62.49980211866486,465.42845642089844,5.557739392805729,3.802000045776367,3.66,16.729999542236328
2024-10-01,478.0705871582031,54.95998236701002,465.85087799072267,5.126849788109666,3.743000030517578,3.61,19.260000228881836
2024-10-02,478.7461242675781,55.53766935167039,466.2705474853516,4.784721579045993,3.7850000858306885,3.63,18.899999618530273
2024-10-03,478.3884582519531,55.134460268049764,466.6763400268555,4.4336139088289315,3.8499999046325684,3.7,20.489999771118164
2024-10-04,484.08038330078125,60.09913852438215,467.1289501953125,4.562060736242529,3.9809999465942383,3.93,19.209999084472656
2024-10-07,478.8951110839844,54.213632714050405,467.501481628418,4.197066469927563,4.026000022888184,3.99,22.639999389648438
2024-10-08,486.04718017578125,60.02816113571394,467.8765036010742,4.43380790996747,4.0329999923706055,3.98,21.420000076293945
2024-10-09,489.87164306640625,62.752136119740314,468.2988815307617,4.873846728510443,4.066999912261963,3.99,20.860000610351562
2024-10-10,489.31536865234375,62.08935602104094,468.7178759765625,5.118688906833938,4.0960001945495605,3.98,20.93000030517578
2024-10-11,490.0802001953125,62.67310243992833,469.11332122802736,5.313196390066821,4.072999954223633,3.95,20.459999084472656
2024-10-14,494.1927185058594,65.72885651843441,469.5410775756836,5.733103185007224,4.0980000495910645,3.95,19.700000762939453
2024-10-15,487.5869445800781,57.57552737051338,469.90366790771486,5.4697991563653545,4.038000106811523,3.95,20.639999389648438
2024-10-16,487.6465148925781,57.626573561042974,470.2871563720703,5.205924980433792,4.015999794006348,3.93,19.579999923706055
2024-10-17,487.9842834472656,57.93562823242185,470.6315350341797,4.966803673392008,4.0960001945495605,3.96,19.110000610351562
2024-10-18,491.1828308105469,60.84779479342133,470.99076568603516,4.978010944166442,4.072999954223633,3.95,18.030000686645508
2024-10-21,492.12652587890625,61.690492772121324,471.39152160644534,5.005342618241571,4.182000160217285,4.02,18.3700008392334
2024-10-22,492.6629638671875,62.18869981017075,471.84607177734375,5.01250815547678,4.203999996185303,4.03,18.200000762939453
2024-10-23,485.11346435546875,51.94946127621897,472.23344635009767,4.358760303025633,4.242000102996826,4.07,19.239999771118164
2024-10-24,489.047119140625,56.01333311800433,472.6361898803711,4.1106880333624645,4.199999809265137,4.07,19.079999923706055
2024-10-25,492.0272216796875,58.852585145842426,473.0564541625977,4.107212947330879,4.23199987411499,4.11,20.329999923706055
2024-10-28,492.10662841796875,58.928658508149304,473.3867932128906,4.064018896686605,4.2779998779296875,4.12,19.799999237060547
2024-10-29,496.83502197265625,63.28188601741205,473.76600067138673,4.361057586194704,4.27400016784668,4.11,19.34000015258789
2024-10-30,493.08013916015625,58.02248533538312,474.1117199707031,4.244546732975152,4.265999794006348,4.15,20.350000381469727
2024-10-31,480.6334533691406,44.746708082689054,474.3144522094727,3.1119943862067316,4.283999919891357,4.16,23.15999984741211
2024-11-01,484.18963623046875,48.38075335439493,474.5211526489258,2.472886828403432,4.361000061035156,4.21,21.8799991607666
2024-11-04,482.77911376953125,47.058688974474734,474.65303771972657,1.831460177076508,4.309000015258789,4.17,21.979999542236328
2024-11-05,488.9378662109375,53.086691976817654,474.82105743408204,1.79934307888891,4.289000034332275,4.19,20.489999771118164
2024-11-06,502.218994140625,62.897572540494245,475.09742614746096,2.813137972661309,4.426000118255615,4.27,16.270000457763672
2024-11-07,510.1260681152344,67.28423783361957,475.3947299194336,4.206126904814653,4.341000080108643,4.21,15.199999809265137
2024-11-08,510.72210693359375,67.59525489251132,475.6965084838867,5.297114185831674,4.306000232696533,4.26,14.9399995803833
2024-11-11,510.4241027832031,67.25101715702155,476.0323474121094,6.0677379161035105,4.308000087738037,4.26,14.970000267028809
2024-11-12,509.500244140625,66.12670464602914,476.37172332763674,6.528656811169469,4.432000160217285,4.34,14.710000038146973
2024-11-13,508.84466552734375,65.29253259384463,476.7586849975586,6.763078086743803,4.451000213623047,4.27,14.020000457763672
2024-11-14,505.308349609375,60.83453423761601,477.0565188598633,6.587570088831683,4.418000221252441,4.34,14.3100004196167
2024-11-15,493.2688903808594,48.65469061117429,477.224137878418,5.414579096866987,4.427999973297119,4.31,16.139999389648438
2024-11-18,496.6959533691406,51.623779824153694,477.4137274169922,4.707248397420017,4.414000034332275,4.29,15.579999923706055
2024-11-19,500.11309814453125,54.45202785978491,477.66228759765625,4.3720208127286355,4.379000186920166,4.27,16.350000381469727
2024-11-20,499.8250427246094,54.16455417864006,477.8800930786133,4.036575739227658,4.406000137329102,4.31,17.15999984741211
2024-11-21,501.6230163574219,55.73539638784268,478.06568450927733,3.8711898803931035,4.432000160217285,4.34,16.8700008392334
2024-11-22,502.4275817871094,56.45457435757143,478.21904846191404,3.7616797987126915,4.409999847412109,4.37,15.239999771118164
2024-11-25,503.2222595214844,57.194342003749554,478.32957122802736,3.6964062514350644,4.264999866485596,4.21,14.600000381469727
2024-11-26,505.9241943359375,59.70111131351004,478.45540802001955,3.818680679633303,4.302000045776367,4.21,14.100000381469727
2024-11-27,501.9408264160156,54.62249971264233,478.53714569091795,3.5532004610525973,4.242000102996826,4.19,14.100000381469727
2024-11-29,506.351318359375,58.80143782396674,478.6115057373047,3.6565449409960706,4.177999973297119,4.13,13.510000228881836
2024-12-02,511.86444091796875,63.34553447311425,478.85040985107423,4.1356360631074836,4.196000099182129,4.17,13.34000015258789
2024-12-03,513.4340209960938,64.54453453549525,479.07634216308594,4.58907126685591,4.2230000495910645,4.17,13.300000190734863
2024-12-04,519.781494140625,68.9656962325956,479.352555847168,5.398380793950707,4.179999828338623,4.13,13.449999809265137
2024-12-05,518.3411254882812,66.92627319086753,479.6124813842773,5.856033997681891,4.179999828338623,4.15,13.539999961853027
2024-12-06,522.9800415039062,70.0029397079407,480.0633248901367,6.517914748316798,4.151000022888184,4.1,12.770000457763672
2024-12-09,518.9073486328125,64.34375910445647,480.4960577392578,6.63731687663784,4.198999881744385,4.13,14.1899995803833
2024-12-10,517.13916015625,62.00027261689921,480.95326751708984,6.514174541703312,4.2210001945495605,4.15,14.180000305175781
2024-12-11,526.397216796875,68.47457445191411,481.4328268432617,7.0819943299189845,4.270999908447266,4.15,13.579999923706055
2024-12-12,522.9999389648438,64.15501936208278,481.89527618408204,7.175152977049436,4.323999881744385,4.18,13.920000076293945
2024-12-13,527.003173828125,66.81181339328424,482.56877166748046,7.485718766862931,4.39900016784668,4.25,13.8100004196167
2024-12-16,534.59228515625,71.17377506235925,483.36884765625,8.249131400249667,4.396999835968018,4.25,14.6899995803833
2024-12-17,532.2380981445312,68.18019234680202,484.098759765625,8.565441121765957,4.385000228881836,4.25,15.869999885559082
2024-12-18,513.0365600585938,49.786695413540784,484.6274313354492,7.183903636078526,4.49399995803833,4.35,27.6200008392334
2024-12-19,510.7518615722656,48.12313879117867,485.1964437866211,5.837379474467184,4.570000171661377,4.32,24.09000015258789
2024-12-20,515.2120361328125,51.52817184438477,485.6757464599609,5.071684959807158,4.52400016784668,4.3,18.360000610351562
2024-12-23,520.2316284179688,55.10003577255356,486.31842742919923,4.814408186626679,4.598999977111816,4.3,16.780000686645508
2024-12-24,527.2858276367188,59.605053497875915,487.139873046875,5.1207011574354055,4.591000080108643,4.29,14.270000457763672
2024-12-26,526.9276123046875,59.279787787320664,488.09046051025393,5.273743131924789,4.578999996185303,4.3,14.729999542236328
2024-12-27,519.9231567382812,53.16986583560768,488.9297378540039,4.774788187758077,4.61899995803833,4.31,15.949999809265137
2024-12-30,513.0081787109375,47.91892426755325,489.74708282470704,3.7778333525373,4.545000076293945,4.24,17.399999618530273
2024-12-31,508.6503601074219,44.908919037440334,490.388918762207,2.6060588967130798,4.572999954223633,4.25,17.350000381469727
2025-01-02,507.6553955078125,44.22585783303129,490.9975933837891,1.5789329145832198,4.574999809265137,4.25,17.93000030517578
2025-01-03,515.9633178710938,50.936376933987106,491.67972564697266,1.4189512890214928,4.5960001945495605,4.28,16.1299991607666
2025-01-06,521.8931274414062,55.08975655257447,492.3100564575195,1.750472416609,4.618000030517578,4.28,16.040000915527344
2025-01-07,512.5803833007812,48.190183737865546,492.84577239990233,1.2473658196934139,4.683000087738037,4.3,17.81999969482422
2025-01-08,512.669921875,48.25728300325351,493.26642333984375,0.8461216676920458,4.692999839782715,4.28,17.700000762939453
2025-01-10,504.6307067871094,42.886754209829306,493.60063110351564,-0.1191907281257727,4.776000022888184,4.4,19.540000915527344
2025-01-13,503.0089416503906,41.8743333515449,493.8567233276367,-1.0035028926998848,4.802999973297119,4.4,19.190000534057617
2025-01-14,502.5313415527344,41.563156304022144,494.1180581665039,-1.7230032813650382,4.788000106811523,4.37,18.709999084472656
2025-01-15,514.0927124023438,51.04671065060583,494.4727865600586,-1.3448044493662223,4.6529998779296875,4.27,16.1200008392334
2025-01-16,510.4910583496094,48.410953634914506,494.86738342285156,-1.3204808507320536,4.605999946594238,4.23,16.600000381469727
2025-01-17,519.1072387695312,54.46788811198781,495.29705627441405,-0.5990450536233993,4.609000205993652,4.27,15.970000267028809
2025-01-21,522.15185546875,56.415189021018094,495.8034002685547,0.21588455320704725,4.573999881744385,4.29,15.0600004196167
2025-01-22,528.8280029296875,60.4131972051252,496.36242034912107,1.3844721103916982,4.598999977111816,4.29,15.100000381469727
2025-01-23,529.9522705078125,61.06096909819805,496.98634765625,2.3739398652968475,4.638000011444092,4.29,15.020000457763672
2025-01-24,526.9574584960938,58.32319540844697,497.58717163085936,2.8832080613356084,4.625999927520752,4.27,14.850000381469727
2025-01-27,511.6153259277344,46.75719612562864,497.97892578125,2.0254764651853066,4.5279998779296875,4.17,17.899999618530273
2025-01-28,519.1769409179688,51.82771719290433,498.5897326660156,1.9335879322067058,4.551000118255615,4.19,16.40999984741211
2025-01-29,518.2018432617188,51.15122014466977,499.2026922607422,1.7617747337081937,4.554999828338623,4.21,16.559999465942383
2025-01-30,520.4105834960938,52.658611533411374,499.83347381591796,1.783281850632875,4.51200008392334,4.18,15.84000015258789
2025-01-31,519.6544799804688,52.06629981777316,500.5792010498047,1.7194939056593057,4.568999767303467,4.22,16.43000030517578
2025-02-03,515.4955444335938,48.81385707190091,501.2261032104492,1.3181552851383458,4.543000221252441,4.26,18.6200008392334
2025-02-04,521.8235473632812,53.566682113445,501.8946228027344,1.4934924368404836,4.513000011444092,4.21,17.209999084472656
2025-02-05,524.1915283203125,55.241513282067714,502.48802307128904,1.8027437581156391,4.421999931335449,4.17,15.770000457763672
2025-02-06,526.9276123046875,57.164096515034,503.0631539916992,2.242753700795788,4.440000057220459,4.21,15.5
2025-02-07,520.2813110351562,51.38952645874589,503.5507925415039,2.031743113579182,4.486999988555908,4.29,16.540000915527344
2025-02-10,526.579345703125,55.932350391688736,504.1222427368164,2.3456749847023275,4.493000030517578,4.28,15.8100004196167
2025-02-11,525.3257446289062,54.8338907435447,504.6786767578125,2.4648992996366133,4.5370001792907715,4.29,16.020000457763672
2025-02-12,525.6341552734375,55.067685365181596,505.25853088378904,2.5548212012186013,4.63700008392334,4.36,15.890000343322754
2025-02-13,533.1958618164062,60.47048065493151,505.7957604980469,3.199371119547095,4.525000095367432,4.31,15.100000381469727
2025-02-14,535.4345092773438,61.92994599369222,506.364501953125,3.8464818658957256,4.4720001220703125,4.26,14.770000457763672
2025-02-18,536.6483154296875,62.73336253872945,506.93269622802734,4.406470754921088,4.544000148773193,4.29,15.350000381469727
2025-02-19,536.797607421875,62.83724376249916,507.47923858642577,4.806901630258835,4.534999847412109,4.28,15.270000457763672
2025-02-20,534.5191650390625,60.08450161484286,507.99852661132815,4.884093930766198,4.5,4.28,15.65999984741211
2025-02-21,523.4254150390625,48.86084468528882,508.37061981201174,4.0039415288189275,4.420000076293945,4.19,18.209999084472656
2025-02-24,517.2467651367188,43.93804111037963,508.70794555664065,2.7758507199401947,4.39300012588501,4.13,18.979999542236328
2025-02-25,510.7297668457031,39.42600084748473,508.9669888305664,1.262163177291086,4.297999858856201,4.07,19.43000030517578
2025-02-26,511.9635009765625,40.66816421492451,509.30591796875,0.16025955542897918,4.249000072479248,4.05,19.100000381469727
2025-02-27,497.74560546875,32.41778016664853,509.4959127807617,-1.8390726623846376,4.284999847412109,4.07,21.1299991607666
2025-02-28,505.6058044433594,39.70083829583612,509.7680862426758,-2.75751852551889,4.230999946594238,3.99,19.6299991607666
2025-03-03,494.5419006347656,34.12606653532944,509.8727014160156,-4.328264522386235,4.179999828338623,3.96,22.780000686645508
2025-03-04,493.0494384765625,33.443848368055384,510.0142446899414,-5.628637831442347,4.210000038146973,3.96,23.510000228881836
2025-03-05,499.4768371582031,39.091067374683156,510.14854125976564,-6.070577847336153,4.264999866485596,3.99,21.93000030517578
2025-03-06,485.736572265625,32.70288821898947,510.1071905517578,-7.443736280309508,4.285999774932861,3.96,24.8700008392334
2025-03-07,489.30841064453125,35.64697042898983,510.1071209716797,-8.149810779845211,4.316999912261963,3.99,23.3700008392334
2025-03-10,470.3446350097656,28.514539667621293,509.9097653198242,-10.122907537755168,4.2129998207092285,3.89,27.860000610351562
2025-03-11,469.2203369140625,28.15486509249078,509.66004150390626,-11.643107893749232,4.288000106811523,3.94,26.920000076293945
2025-03-12,474.51348876953125,32.473394254826474,509.5293069458008,-12.279217336399483,4.317999839782715,4.01,24.229999542236328
2025-03-13,465.97674560546875,29.40364944599753,509.3126092529297,-13.318653336333853,4.27400016784668,3.94,24.65999984741211
2025-03-14,477.2396240234375,37.76287382789537,509.2051626586914,-13.082783509933506,4.308000087738037,4.02,21.770000457763672
2025-03-17,480.3338928222656,39.86942687854723,509.09667327880857,-12.502057405469088,4.306000232696533,4.06,20.510000228881836
2025-03-18,472.1454772949219,36.3619372064421,508.89686279296876,-12.557805913776917,4.281000137329102,4.04,21.700000762939453
2025-03-19,478.4634094238281,40.69697624079706,508.75486724853516,-11.954380034916994,4.25600004196167,3.99,19.899999618530273
2025-03-20,476.8416748046875,39.94478943243624,508.67214935302735,-11.474747364004713,4.232999801635742,3.95,19.799999237060547
2025-03-21,478.4136657714844,41.0815521177766,508.5658148193359,-10.842799440850285,4.251999855041504,3.94,19.280000686645508
2025-03-24,488.9121398925781,48.14147696670754,508.5346640014648,-9.386633765575368,4.330999851226807,4.04,17.479999542236328
2025-03-25,491.7021789550781,49.86094348328048,508.53061950683593,-7.916225818245152,4.307000160217285,3.96,17.149999618530273
2025-03-26,482.65447998046875,44.686512656798506,508.38881408691407,-7.395737164399748,4.3379998207092285,3.98,18.329999923706055
2025-03-27,479.90435791015625,43.2183676086548,508.2570562744141,-7.123047960706458,4.36899995803833,3.97,18.690000534057617
2025-03-28,467.26953125,37.17540137696736,508.1234170532227,-7.83613463770331,4.255000114440918,3.89,21.649999618530273
2025-03-31,467.2496032714844,37.16657437986464,507.95401672363283,-8.307109797309465,4.245999813079834,3.89,22.280000686645508
2025-04-01,471.01611328125,40.06332130269803,507.83638671875,-8.280977174600139,4.156000137329102,3.87,21.770000457763672
2025-04-02,474.4538269042969,42.66157084837556,507.6915463256836,-7.8918992219255415,4.196000099182129,3.91,21.510000228881836
2025-04-03,449.0546569824219,31.72044582186409,507.15990295410154,-9.523274503803862,4.054999828338623,3.71,30.020000457763672
2025-04-04,421.16436767578125,24.338939860054822,506.27028594970704,-12.917756569579524,3.984999895095825,3.68,45.310001373291016
2025-04-07,422.1806945800781,25.02363174227264,505.3848718261719,-15.348965653595712,4.15500020980835,3.73,46.97999954223633
2025-04-08,414.577880859375,23.323282836252886,504.4264096069336,-17.685334370603528,4.26200008392334,3.71,52.33000183105469
2025-04-09,464.3399963378906,48.15488403115748,503.97480712890626,-15.344652964040279,4.400000095367432,3.91,33.619998931884766
2025-04-10,444.590576171875,42.29995876380693,503.33226623535154,-14.91137024605564,4.394000053405762,3.84,40.720001220703125
2025-04-11,452.7812805175781,45.27191785918768,502.8069955444336,-13.748584063407009,4.493000030517578,3.96,37.560001373291016
2025-04-14,455.8503112792969,46.38623217134263,502.432809753418,-12.436067260529114,4.363999843597412,3.84,30.889999389648438
2025-04-15,456.3584899902344,46.5801866243058,502.0294351196289,-11.225482093179323,4.322999954223633,3.84,30.1200008392334
2025-04-16,442.59771728515625,42.135116078726725,501.4542813110352,-11.246817666821073,4.2789998054504395,3.77,32.63999938964844
2025-04-17,442.51800537109375,42.11004758351015,500.8812109375,-11.1417234949634,4.333000183105469,3.81,29.649999618530273
2025-04-21,431.567138671875,38.70328522956189,500.1806521606445,-11.805986960312168,4.40500020980835,3.75,33.81999969482422
2025-04-22,442.89666748046875,43.77156031351978,499.5853430175781,-11.288100061420494,4.388999938964844,3.76,30.56999969482422
2025-04-23,452.9407043457031,47.885541861477655,499.0825274658203,-9.952475190573068,4.38700008392334,3.81,28.450000762939453
2025-04-24,465.6851806640625,52.622274724022965,498.68013732910157,-7.775973546244302,4.304999828338623,3.77,26.469999313354492
2025-04-25,470.8766174316406,54.43889908156456,498.3694952392578,-5.567990424114498,4.265999794006348,3.74,24.84000015258789
2025-04-28,470.7271423339844,54.37425181265722,498.0132534790039,-3.786560174690578,4.216000080108643,3.67,25.149999618530273
2025-04-29,473.8360290527344,55.556397065297745,497.6329693603516,-2.099698672082752,4.172999858856201,3.65,24.170000076293945
2025-04-30,473.7762451171875,55.52660324204473,497.2363916015625,-0.7589244335922558,4.177000045776367,3.6,24.700000762939453
2025-05-01,479.964111328125,58.035132210284694,496.8382177734375,0.7938073818650082,4.230999946594238,3.7,24.600000381469727
2025-05-02,487.0886535644531,60.77826218332366,496.5256930541992,2.5696284711540898,4.322000026702881,3.83,22.68000030517578
2025-05-05,484.198974609375,59.09108836108027,496.13788238525393,3.7011420749367403,4.3429999351501465,3.83,23.639999389648438
2025-05-06,479.6950988769531,56.46035610002198,495.7457598876953,4.186193790699292,4.308000087738037,3.78,24.760000228881836
2025-05-07,481.5783386230469,57.316059124124585,495.3901516723633,4.668744102843277,4.275000095367432,3.78,23.549999237060547
2025-05-08,486.55059814453125,59.57507989598493,494.99168548583987,5.390253008911031,4.373000144958496,3.9,22.479999542236328
2025-05-09,486.231689453125,59.35809329964102,494.62400299072266,5.868670370089433,4.375,3.88,21.899999618530273
2025-05-12,506.0409240722656,67.3202839463741,494.41438049316406,7.756843196812042,4.456999778747559,3.98,18.389999389648438
2025-05-13,513.75341796875,69.80092517105619,494.20599182128905,9.763025486450317,4.499000072479248,4.02,18.219999313354492
2025-05-14,516.832275390625,70.75528575084222,494.05193359375,11.469168037781458,4.5279998779296875,4.05,18.6200008392334
2025-05-15,517.4002685546875,70.93775355673979,494.09557067871094,12.720496636239261,4.454999923706055,3.96,17.829999923706055
2025-05-16,519.6522827148438,71.69191115166207,494.18457489013673,13.735567218903952,4.440999984741211,3.98,17.239999771118164
2025-05-19,520.1504516601562,71.86583421962172,494.23395904541013,14.414059731228463,4.474999904632568,3.97,18.139999389648438
2025-05-20,518.4166259765625,70.2481454693948,494.2158090209961,14.643068514202014,4.480999946594238,3.97,18.09000015258789
2025-05-21,511.21234130859375,63.81981558517335,494.05507415771484,14.08091800297069,4.5960001945495605,4.0,20.8700008392334
2025-05-22,512.1690063476562,64.28716461488048,493.90748809814454,13.556335548535515,4.552999973297119,4.0,20.280000686645508
2025-05-23,507.4259033203125,60.139374122841964,493.78251556396486,12.612482551585515,4.508999824523926,4.0,22.290000915527344
2025-05-27,519.3632202148438,66.07238005735564,493.8460659790039,12.681529185999466,4.434000015258789,3.92,18.959999084472656
2025-05-28,517.0614624023438,64.09145349181634,493.9301770019531,12.407490693035982,4.4770002365112305,3.96,19.309999465942383
2025-05-29,518.077880859375,64.5962258755749,494.03440185546873,12.132474078961252,4.423999786376953,3.92,19.18000030517578
2025-05-30,517.2607421875,63.819515391499124,494.0473760986328,11.713558557596912,4.415999889373779,3.89,18.56999969482422
2025-06-02,521.34619140625,66.01945661561021,494.0419067382812,11.577765325458472,4.461999893188477,3.94,18.360000610351562
2025-06-03,525.4215698242188,68.10298557438308,494.1703186035156,11.664535683188433,4.460000038146973,3.96,17.690000534057617
2025-06-04,526.8863525390625,68.8424586240913,494.31248291015623,11.716437739195953,4.364999771118164,3.87,17.610000610351562
2025-06-05,522.9205322265625,64.48366282110446,494.4953811645508,11.307219350863363,4.394000053405762,3.92,18.479999542236328
2025-06-06,528.0322875976562,67.35296087658864,494.74561462402346,11.265524810110435,4.510000228881836,4.04,16.770000457763672
2025-06-09,528.8095092773438,67.77919034320962,495.00839630126956,11.166476687841907,4.48199987411499,4.01,17.15999984741211
2025-06-10,532.3070068359375,69.69648920483291,495.19053924560546,11.240624241304658,4.473999977111816,4.01,16.950000762939453
2025-06-11,530.5133666992188,67.47888597127823,495.39076232910156,11.027536367825746,4.4120001792907715,3.94,17.260000228881836
2025-06-12,531.7589111328125,68.23473323613851,495.51727905273435,10.834276919001354,4.35699987411499,3.9,18.020000457763672
2025-06-13,525.0828857421875,60.16341371642833,495.54658935546877,10.02683484766169,4.423999786376953,3.96,20.81999969482422
2025-06-16,532.38671875,65.03617876974062,495.58217651367187,9.862599563358799,4.452000141143799,3.97,19.110000610351562
2025-06-17,527.1953125,59.46820652913633,495.55460693359373,9.207401624792624,4.39300012588501,3.94,21.600000381469727
2025-06-18,527.1055297851562,59.37353326725453,495.5560876464844,8.581980098808344,4.396999835968018,3.94,20.139999389648438
2025-06-20,524.9533081054688,57.029721646568035,495.68946746826174,7.822489936209536,4.375,3.9,20.6200008392334
2025-06-23,530.3511352539062,61.16986487387773,495.8012094116211,7.568898499448096,4.320000171661377,3.84,19.829999923706055
2025-06-24,538.4612426757812,66.40694289186,496.00380340576174,7.930920632511743,4.293000221252441,3.75,17.479999542236328
2025-06-25,539.8377685546875,67.21517385505058,496.19807525634764,8.233983677160836,4.293000221252441,3.74,16.760000228881836
2025-06-26,544.885498046875,70.05987077285128,496.45038543701173,8.78025954140901,4.252999782562256,3.7,16.59000015258789
2025-06-27,546.7509155273438,71.05926608954928,496.7629391479492,9.257001746411106,4.2829999923706055,3.73,16.31999969482422
2025-06-30,550.292236328125,72.90809648017922,497.04762603759764,9.807523347014467,4.230000019073486,3.72,16.729999542236328
2025-07-01,545.653564453125,66.88106095989218,497.26224639892575,9.757040538689353,4.250999927520752,3.78,16.829999923706055
2025-07-02,549.4542846679688,69.13262653038316,497.4875131225586,9.909488491884417,4.293000221252441,3.78,16.639999389648438
2025-07-03,554.8610229492188,72.04423937525749,497.8333102416992,10.347305885149694,4.3480000495910645,3.88,16.3799991607666
2025-07-07,550.6813354492188,66.79864448262418,498.07433013916017,10.238984829899891,4.394999980926514,3.9,17.790000915527344
2025-07-08,550.9906005859375,66.99016297020978,498.33097869873046,10.062105041623113,4.414999961853027,3.9,16.809999465942383
2025-07-09,554.8909912109375,69.38845446732896,498.6235470581055,10.119998419279568,4.3420000076293945,3.86,15.9399995803833
2025-07-10,554.0929565429688,68.29513596147967,498.83251800537107,9.986367976189058,4.3460001945495605,3.86,15.779999732971191
2025-07-11,552.845947265625,66.53106294653615,499.0066323852539,9.668390473282443,4.422999858856201,3.9,16.399999618530273
2025-07-14,554.85107421875,67.96398366712651,499.1886599731445,9.46903485930818,4.427000045776367,3.9,17.200000762939453
2025-07-15,555.3598022460938,68.33440531969482,499.37428192138674,9.245517627073127,4.488999843597412,3.95,17.3799991607666
2025-07-16,555.9284057617188,68.76906702139661,499.58837432861327,9.010393949194395,4.454999923706055,3.88,17.15999984741211
2025-07-17,560.4273681640625,72.03943874306468,499.9583938598633,9.082389276978347,4.4629998207092285,3.91,16.520000457763672
2025-07-18,559.8887329101562,71.07976145568827,500.38481353759767,8.992324806674446,4.432000160217285,3.88,16.40999984741211
2025-07-21,562.7916259765625,73.15531594585843,500.9054321289062,9.050854656529282,4.372000217437744,3.85,16.649999618530273
2025-07-22,559.8787841796875,67.89017794433374,501.3845849609375,8.761204285507915,4.335999965667725,3.83,16.5
2025-07-23,562.4324951171875,69.93327728224861,502.03145385742187,8.638142282878562,4.388000011444092,3.88,15.369999885559082
2025-07-24,563.6295776367188,70.8689934029273,502.6116915893555,8.53877957829809,4.4079999923706055,3.91,15.390000343322754
2025-07-25,564.9862670898438,71.93500997109642,503.3161352539062,8.471849215377006,4.386000156402588,3.91,14.930000305175781
2025-07-28,566.7518920898438,73.30417114926198,504.05315979003905,8.463713184992912,4.420000076293945,3.91,15.029999732971191
2025-07-29,565.8740844726562,71.43819655876221,504.7171322631836,8.290861691041869,4.329999923706055,3.86,15.979999542236328
2025-07-30,566.6322631835938,72.09882379342123,505.5260891723633,8.121435469690027,4.375999927520752,3.94,15.479999542236328
2025-07-31,563.6295776367188,65.6249695953464,506.26930084228513,7.6566116860348075,4.360000133514404,3.94,16.719999313354492
2025-08-01,552.5267333984375,48.34053246858859,507.0911218261719,6.319481697655306,4.21999979019165,3.69,20.3799991607666
2025-08-04,562.7218017578125,59.015105753033346,508.02613647460936,6.0131376534031915,4.199999809265137,3.69,17.520000457763672
2025-08-05,558.901123046875,54.47242355074381,508.8700128173828,5.399815241183319,4.196000099182129,3.72,17.850000381469727
2025-08-06,565.9339599609375,60.49973804769051,509.8695849609375,5.418779655053754,4.21999979019165,3.69,16.770000457763672
2025-08-07,567.8491821289062,61.97605560111068,510.7756805419922,5.524666594932114,4.24399995803833,3.72,16.56999969482422
2025-08-08,573.146240234375,65.78493670338638,511.7038040161133,5.967224626384905,4.284999847412109,3.76,15.149999618530273
2025-08-11,571.4503784179688,63.58879062888614,512.6968530273438,6.1106731428652665,4.2729997634887695,3.76,16.25
2025-08-12,578.6328125,68.4003216935405,513.6985470581054,6.726381985479179,4.293000221252441,3.72,14.729999542236328
2025-08-13,578.922119140625,68.58042427727601,514.7193515014649,7.155199619993255,4.23799991607666,3.67,14.489999771118164
2025-08-14,578.4732666015625,67.93350326070177,515.7199475097656,7.373821215200223,4.293000221252441,3.74,14.829999923706055
2025-08-15,575.929443359375,64.23528389225224,516.5901205444336,7.258147719587328,4.328000068664551,3.75,15.09000015258789
2025-08-18,575.699951171875,63.89733032972847,517.4300982666016,7.066499333769912,4.341000080108643,3.77,14.989999771118164
2025-08-19,567.88916015625,53.56743286274266,518.2824450683594,6.212734513620717,4.302000045776367,3.75,15.569999694824219
2025-08-20,564.5174560546875,49.823030127909604,519.1285760498047,5.204062210375014,4.296000003814697,3.74,15.6899995803833
2025-08-21,561.90380859375,47.07599947165933,520.0749188232422,4.145990241314166,4.329999923706055,3.79,16.600000381469727
2025-08-22,570.5725708007812,55.78381807030933,521.1081484985351,3.9612939146472854,4.260000228881836,3.68,14.220000267028809
2025-08-25,568.9265747070312,53.968092660539924,522.087253112793,3.6401413331174126,4.275000095367432,3.73,14.789999961853027
2025-08-26,571.2109985351562,56.103610955460205,523.0548248291016,3.5292762104230633,4.257999897003174,3.61,14.619999885559082
2025-08-27,572.0888671875,56.930508333832705,524.2851669311524,3.472225807810446,4.23799991607666,3.59,14.850000381469727
2025-08-28,575.6701049804688,60.22242913430142,525.8302243041992,3.6736414609541725,4.206999778747559,3.62,14.430000305175781
2025-08-29,569.0064086914062,52.22381181263143,527.2984814453125,3.258003975703332,4.2270002365112305,3.59,15.359999656677246
2025-09-02,564.2380981445312,47.374953770735104,528.7950836181641,2.5148557715458537,4.2769999504089355,3.66,17.170000076293945
2025-09-03,568.67724609375,51.85650426715478,529.8384561157227,2.2580778893482147,4.210999965667725,3.61,16.350000381469727
2025-09-04,573.8245849609375,56.484063268088725,531.1307962036133,2.4417794822812766,4.176000118255615,3.59,15.300000190734863
2025-09-05,574.6525268554688,57.19674063341473,532.3495086669922,2.6239253317808107,4.085999965667725,3.51,15.180000305175781
2025-09-08,577.4556884765625,59.608676082641566,533.5655624389649,2.9603439433930134,4.046000003814697,3.49,15.109999656677246
2025-09-09,579.0917358398438,60.99031236583248,534.7928948974609,3.320694566161251,4.073999881744385,3.54,15.039999961853027
2025-09-10,579.28125,61.15606458095937,536.1597302246093,3.580295818243826,4.0320000648498535,3.54,15.350000381469727
2025-09-11,582.6529541015625,64.08029818445458,537.5610797119141,4.011853869222364,4.011000156402588,3.52,14.710000038146973
2025-09-12,585.2266235351562,66.1736034671333,539.0976745605469,4.509556982278923,4.060999870300293,3.56,14.760000228881836
2025-09-15,590.234375,69.85482792905508,540.5710516357422,5.24758310529046,4.033999919891357,3.54,15.6899995803833
2025-09-16,589.7356567382812,69.04891043787842,541.939001159668,5.726223390415498,4.026000022888184,3.51,16.360000610351562
2025-09-17,588.5585327148438,67.08170427018379,543.1677346801757,5.942068724294359,4.076000213623047,3.52,15.720000267028809
2025-09-18,593.865478515625,71.0818083497072,544.3976232910156,6.4668085372328505,4.104000091552734,3.57,15.699999809265137
2025-09-19,597.8856201171875,73.68998185126465,545.6692080688476,7.124928706044557,4.138999938964844,3.57,15.449999809265137
2025-09-22,601.4251098632812,75.76267065859676,546.9450988769531,7.841706610573397,4.14300012588501,3.61,16.100000381469727
2025-09-23,597.4302978515625,69.1420934978259,548.1816394042969,7.995246100530721,4.119999885559082,3.53,16.639999389648438
2025-09-24,595.3329467773438,65.88674064524807,549.335327758789,7.8571165998413335,4.146999835968018,3.57,16.18000030517578
2025-09-25,592.7662963867188,62.037374512983845,550.3921041870117,7.454608651048034,4.171999931335449,3.64,16.739999771118164
2025-09-26,595.203125,64.1772712385341,551.5021456909179,7.248691501901362,4.186999797821045,3.63,15.289999961853027
2025-09-29,597.9595947265625,66.47906110135432,552.684790649414,7.2246435540973835,4.140999794006348,3.63,16.1200008392334
2025-09-30,599.5974731445312,67.80290510466517,553.8649819946289,7.254127416891265,4.1479997634887695,3.6,16.280000686645508
2025-10-01,602.4737548828125,70.04053923368764,555.0242135620117,7.424006166955792,4.105999946594238,3.55,16.290000915527344
2025-10-02,604.9505615234375,71.8544954141286,556.2114022827149,7.670078011791702,4.0879998207092285,3.55,16.6299991607666
2025-10-03,602.4038696289062,67.33974980968229,557.1750317382813,7.572306137819737,4.11899995803833,3.58,16.649999618530273
2025-10-06,606.9280395507812,70.84442760762084,558.1067779541015,7.770312599127237,4.1620001792907715,3.6,16.3700008392334
2025-10-07,603.732177734375,65.49769603144566,558.9757769775391,7.5819547518442505,4.126999855041504,3.57,17.239999771118164
2025-10-08,610.6532592773438,70.66171739285042,559.9083068847656,7.900085966069128,4.129000186920166,3.58,16.299999237060547
2025-10-09,609.9141845703125,69.46604672738229,560.8109259033204,8.000347072196405,4.1479997634887695,3.6,16.43000030517578
2025-10-10,588.741455078125,45.64020816298385,561.4968359375,6.298734508421376,4.051000118255615,3.52,21.65999984741211
2025-10-13,601.2353515625,55.36824695819612,562.3250231933594,5.890445928622739,4.051000118255615,3.52,19.030000686645508
2025-10-14,597.2305297851562,52.146840793024566,563.185205078125,5.183961162455375,4.021999835968018,3.48,20.809999465942383
2025-10-15,601.445068359375,55.10699868098656,564.0779656982422,4.907573483630017,4.046000003814697,3.5,20.639999389648438
2025-10-16,599.2179565429688,53.23303086692707,564.9958862304687,4.45744232559332,3.9760000705718994,3.41,25.309999465942383
2025-10-17,603.1528930664062,56.07517317196752,565.8337829589843,4.367876470589863,4.006999969482422,3.46,20.780000686645508
2025-10-20,610.7530517578125,61.00453109681729,566.7706988525391,4.854207887544476,3.9860000610351562,3.46,18.229999542236328
2025-10-21,610.5933227539062,60.84997487052574,567.6958532714843,5.1671762522253175,3.9630000591278076,3.45,17.8700008392334
2025-10-22,604.7108764648438,55.29398816742133,568.5703546142578,4.8842392128650545,3.953000068664551,3.45,18.600000381469727
2025-10-23,609.7943725585938,58.79534433614493,569.4548364257812,5.012425104458998,3.990999937057495,3.48,17.299999237060547
2025-10-24,616.305908203125,62.81295328612452,570.3636798095703,5.575172733568365,3.996999979019165,3.48,16.3700008392334
2025-10-27,627.2818603515625,68.40513575174491,571.3676348876953,6.828111671537158,3.996999979019165,3.48,15.789999961853027
2025-10-28,632.1055908203125,70.50442383140617,572.4594854736329,8.116744760939582,3.9830000400543213,3.47,16.420000076293945
2025-10-29,634.9519653320312,71.69936208122598,573.5286822509765,9.26092027908794,4.058000087738037,3.59,16.920000076293945
2025-10-30,625.2444458007812,62.41264748436235,574.4930316162109,9.277427514129045,4.0929999351501465,3.61,16.90999984741211
2025-10-31,628.2605590820312,63.97395156605438,575.4525671386718,9.425236492632735,4.10099983215332,3.6,17.440000534057617
2025-11-03,631.2666625976562,65.51160922100428,576.4601000976562,9.673434274842066,4.105999946594238,3.6,17.170000076293945
2025-11-04,618.4531860351562,54.7790095080825,577.3270428466797,8.735494984979482,4.089000225067139,3.58,19.0
2025-11-05,622.47802734375,57.15348988453199,578.3009942626953,8.222162426542127,4.1570000648498535,3.63,18.010000228881836
2025-11-06,610.8829345703125,49.14710276814463,579.0859564208985,6.801314275736672,4.0929999351501465,3.57,19.5
2025-11-07,608.9553833007812,47.94469767028266,579.9035571289063,5.456841528952282,4.0929999351501465,3.55,19.079999923706055
2025-11-10,622.4280395507812,56.040149116001864,580.8567822265625,5.416035271170131,4.110000133514404,3.58,17.600000381469727
2025-11-11,620.7702026367188,54.908558335986086,581.814951171875,5.190094258154431,4.119999885559082,3.58,17.280000686645508
2025-11-12,620.2808227539062,54.55833889732098,582.714248046875,4.91488972159982,4.065000057220459,3.56,17.510000228881836
2025-11-13,607.6171875,46.32441072834943,583.4058074951172,3.633058970749971,4.111999988555908,3.58,20.0
2025-11-14,608.0765380859375,46.6389975166938,584.0881951904297,2.624016589096186,4.1479997634887695,3.62,19.829999923706055
2025-11-17,602.8832397460938,43.53256718169119,584.6681726074219,1.3892727861709773,4.132999897003174,3.6,22.3799991607666
2025-11-18,595.542724609375,39.52523937369501,585.1560906982422,-0.17951940977570757,4.123000144958496,3.58,24.690000534057617
2025-11-19,599.09814453125,42.29597899317878,585.6441497802734,-1.1229610577350968,4.132999897003174,3.58,23.65999984741211
2025-11-20,584.9163818359375,35.34061777266898,586.0367779541016,-2.9806361700616435,4.105999946594238,3.55,26.420000076293945
2025-11-21,589.3107299804688,38.70418683543271,586.4353424072266,-4.051565979641964,4.063000202178955,3.51,23.43000030517578
2025-11-24,604.3812866210938,48.58281445648386,586.9305450439454,-3.6422322126290965,4.038000106811523,3.46,20.520000457763672
2025-11-25,608.1065063476562,50.69794935687239,587.5047967529297,-2.982853673817772,4.001999855041504,3.43,18.559999465942383
2025-11-26,613.4796142578125,53.65904927411771,588.1296868896484,-2.0036299292230524,3.997999906539917,3.45,17.190000534057617
2025-11-28,618.4531860351562,56.276795677935745,588.7653088378906,-0.8168462846473403,4.017000198364258,3.47,16.350000381469727
2025-12-01,616.3758544921875,54.88230040051942,589.3881378173828,-0.04343430688720673,4.0960001945495605,3.54,17.239999771118164
2025-12-02,621.1996459960938,57.51493947967701,590.0716748046875,0.9478141068476589,4.085999965667725,3.51,16.59000015258789
2025-12-03,622.7177124023438,58.33881745566209,590.7503411865234,1.8347312485134353,4.057000160217285,3.49,16.079999923706055
2025-12-04,622.138427734375,57.87758168997796,591.4181274414062,2.4624899899974935,4.107999801635742,3.52,15.779999732971191
2025-12-05,624.6751708984375,59.39166471050683,592.1055950927735,3.1286224758719072,4.138999938964844,3.56,15.40999984741211
2025-12-08,623.4767456054688,58.325042537468974,592.7360888671875,3.5192664516805507,4.171999931335449,3.57,16.65999984741211
2025-12-09,624.2457275390625,58.83589284933963,593.3796588134766,3.846564234248376,4.185999870300293,3.61,16.93000030517578
2025-12-10,626.8024291992188,60.56662952484785,594.0197668457031,4.263112039813905,4.164000034332275,3.54,15.770000457763672
2025-12-11,624.7750854492188,58.46740851639201,594.6687298583985,4.379159257395941,4.140999794006348,3.52,14.850000381469727
2025-12-12,612.8304443359375,47.9274385537294,595.1727093505859,3.4673256295714054,4.193999767303467,3.52,15.739999771118164
2025-12-15,609.75439453125,45.64537743463692,595.6339575195312,2.468029490821209,4.182000160217285,3.51,16.5
2025-12-16,610.9628295898438,46.71870543152658,596.0937231445313,1.7533788512799902,4.14900016784668,3.48,16.479999542236328
2025-12-17,599.6373901367188,38.95490217898385,596.422578125,0.2700319966747884,4.151000022888184,3.49,17.6200008392334
2025-12-18,608.3262329101562,46.32461326664202,596.847099609375,-0.20208457126500434,4.116000175476074,3.46,16.8700008392334
2025-12-19,616.2559814453125,52.017876836667625,597.3433367919922,0.06289902157254801,4.151000022888184,3.48,14.90999984741211
2025-12-22,619.2100219726562,53.97631218881457,597.8991412353515,0.505440408209779,4.169000148773193,3.44,14.079999923706055
2025-12-23,622.1099853515625,55.88012733243284,598.5949737548829,1.0777369731720228,4.169000148773193,3.48,14.0
2025-12-24,623.9299926757812,57.080089288309125,599.2070556640625,1.659021339411538,4.136000156402588,3.47,13.470000267028809
2025-12-26,623.8900146484375,57.04338883290062,599.8569445800781,2.0923482071966646,4.136000156402588,3.46,13.600000381469727
2025-12-29,620.8699951171875,54.20793396388454,600.4063049316406,2.1670916514619876,4.116000175476074,3.45,14.199999809265137
2025-12-30,619.4299926757812,52.858746064221265,600.9221130371094,2.086083139233324,4.130000114440918,3.45,14.329999923706055
2025-12-31,614.3099975585938,48.25953135874308,601.3337506103516,1.5904092454981082,4.163000106811523,3.47,14.949999809265137
2026-01-02,613.1199951171875,47.230908627589486,601.7504467773438,1.0890074616845595,4.186999797821045,3.47,14.510000228881836
2026-01-05,617.989990234375,51.762236980629986,602.1440185546875,1.072250603809266,4.164999961853027,3.46,14.899999618530273
2026-01-06,623.4199829101562,56.271126635671365,602.5889971923829,1.4800644402506578,4.178999900817871,3.47,14.75
2026-01-07,624.02001953125,56.752198194447445,603.0444647216797,1.8305760432450597,4.138000011444092,3.47,15.380000114440918
2026-01-08,620.469970703125,53.03476401701805,603.4898699951171,1.801137352256319,4.183000087738037,3.49,15.449999809265137
2026-01-09,626.6500244140625,58.17137624992466,603.999370727539,2.250542806602084,4.171000003814697,3.54,14.489999771118164
2026-01-12,627.1699829101562,58.58181883010859,604.5921789550781,2.6184720562010853,4.186999797821045,3.54,15.119999885559082
2026-01-13,626.239990234375,57.495129451454154,605.209404296875,2.802708125982008,4.171000003814697,3.53,15.979999542236328
2026-01-14,619.5499877929688,50.27091263304748,605.7858660888672,2.3814375229233065,4.139999866485596,3.51,16.75
2026-01-15,621.780029296875,52.41716781584024,606.2979406738282,2.2021383667311056,4.159999847412109,3.56,15.84000015258789
2026-01-16,621.260009765625,51.855144785889806,606.821275024414,1.9950831864041447,4.230999946594238,3.59,15.859999656677246
2026-01-20,608.0599975585938,40.10133303826014,607.1897650146484,0.7571320492747873,4.295000076293945,3.6,20.09000015258789
2026-01-21,616.280029296875,48.00505805455033,607.6316766357422,0.43432805430109056,4.252999782562256,3.6,16.899999618530273
2026-01-22,620.760009765625,51.742438804662505,608.0825756835937,0.5338466933039854,4.249000072479248,3.6,15.640000343322754
